$MeshFormat
4.1 0 8
$EndMeshFormat
$Entities
2 3 1 1
1 6.123031769111886e-17 0 -1 0 
2 6.123031769111886e-17 0 1 0 
1 -1.000000002249202e-07 -1e-07 -1.0000001 1.0000001 1e-07 1.0000001 0 2 1 -2 
2 -1.000000000616462e-07 -1.000000000615768e-07 -1.0000001 1.000000000616462e-07 1.000000000615768e-07 -0.9999999000000001 0 2 1 -1 
3 -1.000000000616462e-07 -1.000000000615768e-07 0.9999999000000001 1.000000000616462e-07 1.000000000615768e-07 1.0000001 0 2 2 -2 
1 -1.0000001 -1.0000001 -1.0000001 1.0000001 1.0000001 1.0000001 0 4 -1 2 1 -3 
1 -1.0000001 -1.0000001 -1.0000001 1.0000001 1.0000001 1.0000001 0 1 1 
$EndEntities
$Nodes
7 658 1 658
0 1 0 1
1
6.123031769111886e-17 0 -1
0 2 0 1
2
6.123031769111886e-17 0 1
1 1 0 15
3
4
5
6
7
8
9
10
11
12
13
14
15
16
17
0.1950903220161283 0 -0.9807852804032304
0.3826834323650896 0 -0.9238795325112868
0.5555702330196021 0 -0.8314696123025453
0.7071067811865474 0 -0.7071067811865477
0.8314696123025449 0 -0.5555702330196027
0.9238795325112864 0 -0.3826834323650906
0.9807852804032303 0 -0.1950903220161291
1 0 -3.538835890992686e-16
0.9807852804032305 0 0.1950903220161276
0.9238795325112874 0 0.3826834323650881
0.8314696123025465 0 0.5555702330196004
0.707106781186549 0 0.707106781186546
0.5555702330196043 0 0.8314696123025439
0.3826834323650914 0 0.9238795325112861
0.1950903220161294 0 0.9807852804032302
1 2 0 0
1 3 0 0
2 1 0 392
18
19
20
21
22
23
24
25
26
27
28
29
30
31
32
33
34
35
36
37
38
39
40
41
42
43
44
45
46
47
48
49
50
51
52
53
54
55
56
57
58
59
60
61
62
63
64
65
66
67
68
69
70
71
72
73
74
75
76
77
78
79
80
81
82
83
84
85
86
87
88
89
90
91
92
93
94
95
96
97
98
99
100
101
102
103
104
105
106
107
108
109
110
111
112
113
114
115
116
117
118
119
120
121
122
123
124
125
126
127
128
129
130
131
132
133
134
135
136
137
138
139
140
141
142
143
144
145
146
147
148
149
150
151
152
153
154
155
156
157
158
159
160
161
162
163
164
165
166
167
168
169
170
171
172
173
174
175
176
177
178
179
180
181
182
183
184
185
186
187
188
189
190
191
192
193
194
195
196
197
198
199
200
201
202
203
204
205
206
207
208
209
210
211
212
213
214
215
216
217
218
219
220
221
222
223
224
225
226
227
228
229
230
231
232
233
234
235
236
237
238
239
240
241
242
243
244
245
246
247
248
249
250
251
252
253
254
255
256
257
258
259
260
261
262
263
264
265
266
267
268
269
270
271
272
273
274
275
276
277
278
279
280
281
282
283
284
285
286
287
288
289
290
291
292
293
294
295
296
297
298
299
300
301
302
303
304
305
306
307
308
309
310
311
312
313
314
315
316
317
318
319
320
321
322
323
324
325
326
327
328
329
330
331
332
333
334
335
336
337
338
339
340
341
342
343
344
345
346
347
348
349
350
351
352
353
354
355
356
357
358
359
360
361
362
363
364
365
366
367
368
369
370
371
372
373
374
375
376
377
378
379
380
381
382
383
384
385
386
387
388
389
390
391
392
393
394
395
396
397
398
399
400
401
402
403
404
405
406
407
408
409
0.9421977271985819 0.1673267731509223 0.2902846772544612
0.2300427229150525 0.1770467155373286 -0.9569403357322089
0.02045692486940255 0.1388755742054937 0.9900985249529373
0.7662534822015545 0.1805998316367425 -0.6166354691604857
0.3027430349210273 0.178176596022903 0.9362690614542899
0.7618256731001166 0.169495966495592 0.625214172222031
0.9807852804032188 0.1694959664956442 -0.09659891865899459
0.41394658441394 0.1906694143604385 -0.890108644874029
0.6016024927954666 0.1994085764347073 -0.7735054365074392
0.9806633090981142 0.1732303883409755 0.09105331813817465
0.4764918833597888 0.150459871264613 0.8662085847134496
0.3837707846986866 0.3207328479568461 0.8659390423426149
0.9242891130887718 0.3342209107499503 0.1843529718855802
-0.8047063881098379 -0.08837342861631431 -0.5870585712259179
0.8691606405970814 -0.1694959664871789 0.4645760413338685
0.9430942521053819 -0.1694959665085152 -0.2860845137072865
0.2860845137060893 -0.1694959664955997 0.9430942521080663
0.6252141722220256 -0.1694959664956004 -0.7618256731001193
0.1244003284791695 -0.2017385648188388 -0.9715071331385632
0.9807852804031371 -0.1694959664965953 0.09659891865815484
0.6252141722248673 -0.1694959664968524 0.7618256730975085
0.1997706624422235 0.3459830854516396 0.9167264515703464
0.2905109120526328 0.4909551608095814 0.8213199376934579
0.4727120260354229 0.4613426202908777 0.7508037873803199
0.3667971650983413 0.6148120940507782 0.6981876027864697
0.179442378738288 0.6332722259876662 0.7528391066525245
0.2514862838514873 0.7548797546715534 0.6057319580652688
0.06082409802607774 0.7567821652886596 0.6508311481485209
0.1309242590504271 0.8553021606533687 0.5013153223010202
-0.06248161389755839 0.8447408252947665 0.5315157438920066
0.006847678984044952 0.9294483182199558 0.3688887814106404
-0.1868116455500178 0.9029210102096142 0.3870853373727093
-0.1208084298102613 0.9677491765491171 0.221058486775073
-0.306011266996706 0.9237954404696803 0.2301284177117201
-0.2303327972175962 0.9712324863830539 0.06045047493699748
-0.03893599300908959 0.9960852483081772 0.07936098884989344
-0.2488305601593826 0.8043445640220311 0.5395490475007593
-0.4143924798286884 0.9073113426818777 0.07116881411291225
-0.3331278816823643 0.9373927483652983 -0.1015905987676673
0.666195861879447 0.3483307648215008 -0.6594306270515262
-0.5106354667376404 0.855213127913436 -0.08866750224377121
-0.4210605435231422 0.8682007487507111 -0.262555667538716
-0.5827777813906593 0.808206023382976 0.08469404515582912
-0.6684835645347879 0.7402622132675813 -0.07170480845135817
-0.7288333161320624 0.6773237355374329 0.1001726238727876
0.3186756373164263 0.8371760988900355 0.4445019883287712
0.3062857568728926 0.3566964673671649 -0.8825852170213279
0.1083496123981227 0.3295599178961643 -0.9378969143831586
0.1756274455775461 0.5032493110612596 -0.8461058629251269
-0.02000592801076173 0.4674907331668109 -0.8837715639505414
-0.8008385551149827 0.5959586064995082 -0.05908424477397668
-0.8461638610736782 0.5208943620010519 0.112586783631127
-0.9052283594256173 0.4212770247199633 -0.05556334884346657
-0.9312311220369398 0.3435702855763584 0.1215238915555363
-0.8574605255018901 0.428379783486566 0.2850477298734816
-0.9245658465782787 0.244334309735381 0.2923674749816157
-0.8340664366134569 0.321928430344469 0.4479902510667802
-0.8841120458020179 0.1323898928692573 0.4481281141970868
-0.9574262597928045 0.0515032288734294 0.2840464301391102
-0.8987520184522937 -0.0625834341041485 0.4339678825715788
-0.9546727276920727 -0.143364585357705 0.2608573914348433
-0.8849304364839712 -0.2543619324562197 0.3901257872807507
-0.9164913443134074 -0.3321972676050134 0.2229093788838109
-0.8352342758894263 -0.4268484848011759 0.3466757496601198
-0.8110435298129216 -0.1919499760550699 0.5525971402758565
-0.8388438254571635 0.4947520214424996 -0.227071516864076
0.04180618726573685 0.6227574638082531 -0.7812972443170489
-0.1500445085338412 0.5855159744828738 -0.7966540586002238
-0.2102070411378689 0.4200345779388119 -0.8828272499146288
-0.01203153356196904 0.6304133740454168 0.7761663610494987
-0.3367509707020242 0.5283053979330377 -0.7794178534304044
0.2341254532369937 0.6482608395105658 -0.7245296102324795
0.09889747690624259 0.7549537493316834 -0.648277815008051
0.2852623018002684 0.7572666186581648 -0.5875139891420817
0.1511822303966585 0.8591144374619241 -0.4889440832618527
0.3312100277504925 0.8455970683566872 -0.4186472447109785
0.539683570185532 0.5752585797860171 0.6146700012643957
-0.9688693051962195 0.244254225078273 -0.04039978935597582
-0.7785734606782225 0.2067613976106561 0.5925142114630031
-0.9754025747004815 -0.2065001317183513 0.07712011973522435
-0.9164286878381076 -0.3979010423857132 0.04281612518300972
-0.3916077061955038 0.3536245813137196 -0.84946633832012
-0.7112720282437099 0.3899983153576295 0.5848020313373493
-0.6397144031628537 0.2678693471279412 0.7204245243294015
-0.5110861505766333 0.4533401883872948 -0.7302558594641545
-0.259225840020278 0.2378488373521792 -0.9360715220729652
-0.4343130570657158 0.1657012193964023 -0.8853898996220692
-0.9583075365640423 -0.2656937000111682 -0.1051357367355756
-0.8796600647826041 -0.4547911384121485 -0.1391516828803977
-0.8232053964962983 -0.5676838292066374 0.008242890067306666
-0.7701868716764239 -0.6136575379311834 -0.1738867701624307
-0.6976894987051846 -0.7160221920276413 -0.02327195566427223
-0.6317516294893556 -0.7469396431974694 -0.2072945924465491
-0.5456122128027389 -0.8364113342883717 -0.05218613910268221
-0.4675684903130334 -0.8530704819779651 -0.2316256886536404
-0.3723046804630675 -0.9250505891391158 -0.07530360176424536
-0.286137092292867 -0.924349800258853 -0.2523945545680448
-0.1844075342969625 -0.9783677680130395 -0.093756982714345
-0.09375615570278911 -0.9592315366603545 -0.266617033109382
-0.2642505937257406 -0.9616896601988904 0.07297000193323475
0.01056368378965641 -0.9943638312335038 -0.1054939795411101
0.1021276140353322 -0.9563654845485321 -0.2737425988327387
0.205536192907878 -0.972671892675616 -0.1080012157513545
-0.369323222948532 -0.8381205099408591 -0.4014403664398777
0.2930127365710233 -0.9178482091012401 -0.2677651979940754
0.3925480101830079 -0.9140204185592126 -0.1023363774920876
0.2982984139874676 -0.9523581612505386 0.06349794415612696
0.4787645282164464 -0.8753836246267593 0.06699280750200276
0.3768236255702823 -0.8962105967444001 0.2341164699356157
0.1788511214478949 -0.8874339156137548 -0.4248215175521002
0.4671955770113719 -0.8426153563150052 -0.2678201899094769
0.5487840685186971 -0.8020986897241568 0.2355286353776477
0.4380722639239082 -0.80640256612148 0.3972500383049368
0.2582068773282616 -0.8839981778993011 0.3897132663524601
0.6405511878827923 -0.7650472850860937 0.06630857625029306
0.3127012205060758 -0.7777923192923374 0.5452128526950343
0.1272977076257072 -0.8392676384389024 0.5286067770114452
-0.690141158287737 -0.6323807961029606 -0.3518518301180859
-0.5998301664272663 -0.7895131052490999 0.1298954505891633
0.1754758288306312 -0.724051576228929 0.6670513836704084
-0.01083663501537887 -0.7637504136690504 0.6454206945565798
0.0327022382323393 -0.6464260778788039 0.7622754682218377
-0.1525334866070614 -0.6665522462560965 0.7296859862121825
-0.1026627967005364 -0.5246935710219809 0.845078106864582
-0.2900526152234356 -0.5371540853186672 0.7920448024117775
-0.3327760171619287 -0.6703023377937701 0.6632909605520417
-0.2422322133374978 -0.3854881455089028 0.8903496192472505
-0.4205554613558912 -0.391383587851163 0.8185059505492214
-0.3551995256939549 -0.220676283402405 0.9083695695533239
0.5980923614498106 -0.7003996748061899 0.3895199901247337
0.342183061421028 -0.6365504776323776 0.6911687506698526
-0.6331825557591244 0.7347521665334192 0.243349758283812
0.797495604770215 0.3299514488496018 -0.5051067231528774
0.6949638933823451 0.4925006454380119 -0.5238972238311578
0.8043858357998714 0.4657957629763907 -0.3687787064864026
-0.5609357628194315 0.4459091071337286 0.6975070882545809
-0.4777311629243696 0.3168560906547725 0.8193748554757486
-0.2952034776946458 0.04601081532508643 -0.9543258938277361
-0.4632139783271912 -0.02819052719209311 -0.885798004320922
-0.3167473275529687 -0.1480537979733068 -0.936883772617357
-0.519723759264379 -0.2248629224254148 -0.8242110653069418
-0.3306979952295556 -0.3448516028141209 -0.8784737947074372
-0.4757053763324067 -0.4039179170435332 -0.7813800043638541
-0.3137889601664697 -0.5130198724147006 -0.7989662689909068
-0.2750900313991401 0.6826069130798746 -0.6770326999786529
-0.0650181510884961 -0.863594536283407 0.4999771164068221
0.6939659652388934 0.6098870149390743 -0.3826866447875549
0.7833729636030472 0.5831158268486946 -0.215180697030059
0.6380268413686639 0.7339026582078912 -0.2330421377530612
0.733492318368809 0.6777757188132071 -0.05107929013983951
0.5886397953569472 0.8067872815729484 -0.05096541586471302
0.6616390907180939 0.7390154240407224 0.1268460352697132
-0.2392676650847722 0.9330198577529487 -0.2687469618126848
0.5497514531247567 0.5061427826955779 -0.6645245091886344
0.1903472123034736 0.9307577937627863 -0.3121824276254619
-0.1549296164608617 -0.4376910335037893 -0.8856767881872456
-0.1411482779903283 -0.6046553558439559 -0.7838807717182403
0.01743281985695725 -0.5426580271534799 -0.8397728040117326
-0.5456699593787666 0.133144168482106 0.8273553806139075
-0.5403871494376438 -0.2276329420198617 0.8100401054454279
-0.5794628137881266 -0.3878014054346299 0.7168213985224442
-0.3737591586950555 0.1777656590544189 0.9103315120067592
-0.458812334469197 -0.5712098574091111 -0.6805957247423676
-0.6134453173341664 -0.4571527180413242 -0.6439691258346267
0.501814505034981 0.8569602756885086 0.117478885032045
-0.2975604322367136 0.3566794749806037 0.8855718724613272
-0.9036822678640803 -0.3230070475297416 -0.281113510870879
-0.9564822182000116 -0.1231416233902654 -0.2645333756938722
0.03553407303049061 -0.6752773295529305 -0.7367074438647451
0.1992388653135124 -0.6051846055080137 -0.7707499385693741
-0.04441921915265955 -0.3441358530454022 0.9378685662813214
-0.5936170459454064 0.09016594662884049 -0.7996805017202647
-0.03971177651091688 0.8409937658571938 -0.5395854525426742
-0.1211115717596071 -0.7485463774362194 -0.6519281463574268
0.8669727160104258 0.326315091761509 0.3766653296789915
0.4196466833068962 0.9061044894011812 -0.05358465710020489
0.3239527623486625 0.9393305016960333 0.1127511257156636
0.8352965820527067 0.4815206556033724 0.2653629179790655
-0.6201522642986286 0.5599293081533416 0.5494454831520632
0.5602210139212532 0.7762919066054923 0.2890039641594087
0.8497272197511456 0.5251425173904368 -0.04678662675191558
-0.470624800189896 0.6142769935423139 0.6333846166831306
-0.5128726321331912 0.70680126503662 0.4872305767820877
-0.3248285620954066 0.8480269458387649 -0.4187322585834618
-0.5057533962607703 0.7599659964664857 -0.4082464774929451
0.8908855813430272 0.2987917481201129 -0.342120406012888
0.7623908918353229 0.4639309814842523 0.4511409673988821
0.2094190503060931 -0.72215214933173 -0.6592722765174164
0.3666663595673685 -0.61251010457132 -0.700276482940591
0.3485033051393839 -0.4570568288858879 -0.8183180930883184
0.5115109524971967 -0.4809416304781168 -0.7120756234758083
0.5211551982616086 -0.6257878157886437 -0.5803334118723322
0.655982354813768 -0.4834834501327697 -0.5795954654935607
0.6542077111949537 -0.6175690868151696 -0.4366012982382639
0.7763252949398787 -0.4645838987762997 -0.4260056777019799
0.7606736850194951 -0.5881720492421723 -0.2746437427088511
0.7750588291503979 -0.3288709818105566 -0.5395624974726977
0.8641187897069653 -0.4370631307680398 -0.2495486665935304
0.8354691797972176 -0.5407432094919749 -0.09791849160032344
0.6460670115912893 0.4261064599834839 0.6332698487168361
0.4577018048332908 0.7358065607032939 -0.4990969475746553
0.2360862928389823 0.9686738446378874 -0.07703405122411829
0.9239330550918079 -0.3725461674384272 -0.08693136853666515
0.8785502573797044 -0.4711703916430045 0.0784085919847624
-0.173676927207166 -0.0905545393073857 -0.9806305116437607
-0.18707625436219 0.212404628142653 0.9591072666794859
-0.1319523822547668 0.3768840950864753 0.9168134748617849
-0.2970464559515645 0.05106059882856501 0.9534968370445094
0.1079763614948116 0.5124362149490063 0.8519097551777873
-0.4259149401094481 0.005064186128481411 0.904749035816243
-0.2056067108952025 0.4857421478715124 0.8495766276305077
0.4896347286881646 0.3662416322049438 -0.7912805439932957
-0.3857918554447073 0.8300236148623232 0.4027721974558469
0.7064265820641666 0.6222553502470441 0.3372829127632583
-0.5857958167807398 -0.6114724309984169 -0.5319254902437675
-0.7264895302268543 -0.4848410649873969 -0.4869723854313008
-0.7564785220818468 -0.3028271437543427 -0.579686093187038
0.4992018659775542 -0.3256276500040222 -0.8029720608821866
0.2860845137069031 -0.1694959664961111 -0.9430942521077276
0.1949046619850897 -0.3401837457533518 -0.9199386891862397
-0.04924738394259157 -0.1857876756037151 -0.9813549993598544
0.7138862519245464 -0.6917515170380744 -0.1088405163008975
-0.8780746069022807 -0.200239120869039 -0.434613942697424
-0.9021130836918383 0.001105173219654879 -0.4314982767337051
-0.8030399835622651 0.1084996223612192 -0.5859646889939611
-0.8798245657272152 0.2050057201217376 -0.4288139319801593
-0.7670614810954173 0.3003174186319329 -0.56694455838817
-0.9717527661202457 0.09780932871216924 -0.2147787157856333
-0.9951497315234268 -0.07225504172988877 -0.06675493085505776
-0.6828967116752831 -0.1713619568993633 -0.7101317912266046
-0.9202689724716799 0.3164303201548165 -0.2301670497543877
0.869160640597719 -0.1694959664955938 -0.4645760413296055
-0.826944788256073 0.3960683258621719 -0.3991142673782223
-0.7407940153875526 0.5646557610429023 -0.3638517531729746
0.4852370597630128 0.8084889116399452 -0.3330025158880983
-0.4214154762008108 -0.7171113246611091 -0.5551219185559451
0.6272418021557105 0.1497291391057581 0.7642963473228856
0.5667159469968281 0.6868945567025837 0.4549823110757706
0.9445166341568678 -0.1694540152525982 0.2813781521649354
0.8727105119044681 -0.3317610184760056 0.3582052331153253
0.7804279227751121 -0.3307534989845193 0.5305981344317197
0.7613973318516776 -0.4817072768895019 0.4338573526412191
0.6614581959345099 -0.4652297931974403 0.5882467973159994
0.7612702781398508 -0.1618087845186247 0.6279215563057854
0.4728826725213685 -0.1740597906195013 0.8637622168852627
0.360845061909228 -0.3340157432023069 0.8707607734554514
0.1775320803419383 -0.3363561132836749 0.9248496772482343
0.2561221942936644 -0.4947808417872795 0.8304175697746704
0.9773426276845292 -0.1905605566930003 -0.0921306807939338
0.8749002868975463 0.1619538378749872 -0.45642134304188
0.8704263520013908 0.1665785547432009 0.4632597012920694
0.462223358176073 -0.1678517612900989 -0.8707326532227015
0.09659891865896443 -0.1694959664955934 0.9807852804032304
-0.107493504229059 -0.1545512654479482 0.9821196734089971
0.1308951218044732 0.2131767645718337 0.9682056259568405
-0.9932950248989176 -0.01864909135452941 0.1140929660527284
0.376267261137845 0.5250071604403903 -0.763407119224168
0.3993504330386842 0.8739435772025086 0.2770232038986959
0.1991795392639822 0.9351919898655424 0.292819830663695
0.511250871472679 -0.7457922860873605 -0.4271023442115657
0.626007046600163 -0.7272339576169727 -0.2815065691874636
0.4264882099630833 -0.4796400703151222 0.7668462751494524
-0.54141604322517 -0.7421936458460475 -0.3949902026685632
-0.4788984119829268 0.8455945649594966 0.2358519508318526
-0.3805686785956082 0.5264263689963533 0.7602912329478145
-0.6761818194333996 -0.2273213169452349 0.700787532658809
-0.5996778886489266 -0.03398130009623511 0.7995196689946628
-0.7173071053665071 -0.3724854620962512 0.588833675257848
-0.6155607233154381 -0.5212043604736117 0.5911268988420914
-0.4576447996729674 -0.5346858378189946 0.7104029083330736
0.372529021964393 -0.7406571854592681 -0.5591503030686904
-0.1290878681858662 0.7385507018912683 0.6617244011090594
0.4798375611381657 -0.6930981530409294 0.537932026535165
-0.8187928149272046 0.01993781438566864 0.5737428080430351
0.1074927339056945 -0.9924978584114114 0.0582521519451555
0.1943766792616198 -0.9547271541848665 0.2251971749851481
0.001876273589008602 -0.9760596639407486 0.2174948551697078
-0.1679197858802198 -0.2752573600054889 -0.9465919560574925
-0.1023067523244189 0.9896617410839341 -0.1005135148303255
-0.04387078779767459 0.9606479691997724 -0.2742823969021066
-0.7607702001060976 0.5923903254657117 0.2651460068059791
-0.7550156202075826 0.4920888181604763 0.4333589831582878
0.6881245759748137 -0.6926348030298608 0.2161980517286613
-0.1864084405311313 -0.8893526340161771 -0.4174970486928494
-0.7375320010087237 -0.6571561251670446 0.155538981106035
-0.6293294123655493 -0.7182126566810803 0.2968418274346408
-0.4789549114201022 -0.8337859557758779 0.2745963815811636
-0.4989218515710457 -0.7500482469501354 0.4341711796883206
-0.3401398801039329 -0.8498336344751051 0.4026011123652239
-0.8444248011710874 -0.5018129880253864 0.1874312679789662
-0.2937272006723762 -0.6712565941594029 -0.6805431039858447
-0.8088755675382014 -0.4948813777640628 -0.3175102174451958
0.7747179092230767 -0.6298739515719589 0.05541629958911261
-0.4386163787924057 -0.893102325756453 0.09991950752206261
0.06136718402698289 -0.8056058001300352 -0.5892651046188329
-0.5850027014907214 0.7734586497453062 -0.2439949925361699
0.5643645026142322 -0.818810184004226 -0.1050837321375485
-0.1383654472699344 0.1412809575568091 -0.9802523624218521
-0.1963782548103296 -0.7752901213218397 0.6003005987156903
-0.5593135750909037 0.2724000707536817 -0.7829217880302101
-0.4450532333295882 0.5976448976976644 -0.6668944412415111
-0.5876557516913077 0.5374385258915639 -0.6048310081267552
-0.08267254999830786 0.3143392072777497 -0.9457040299400089
-0.09427783118009922 0.7341115571368296 -0.6724521635225186
0.7926950703116731 0.596865764427259 0.1240394483954015
0.3672676806746175 0.9012627875111295 -0.2298691770976608
0.8829058142932674 0.4239765254529371 -0.2017950171634506
0.9381745990449099 0.34539027947695 -0.02310793261537862
-0.9778663145253798 0.1625125982646238 0.1317843933166294
0.1416631305189673 0.9841684390150844 0.1065084085796892
0.5196175438321928 -0.3338199853244311 0.7864870154934509
-0.005014161350248081 -0.9075281448933751 -0.4199613368065482
0.06991091541580691 0.1724623961326658 -0.9825320278881007
-0.3929639152452765 0.7342618343663749 -0.5535692548435376
0.6468433720594954 -0.337870586620977 -0.6836937316657935
0.009729705464049615 -0.3631228301835983 -0.9316904759795693
-0.08214304201713561 -0.9948488190832113 0.05939989744865607
0.08157460798167082 -0.9236889522672692 0.3743585217302141
0.6615385458919528 -0.3169853548687929 0.6796227167317658
-0.7028352250855555 0.09188755840935803 0.7053930273177522
0.764217263097772 -0.1645534562973974 -0.6236137705374468
-0.6838145236914693 0.199951808272456 -0.7017242845713577
0.08348155032828428 -0.5197680084337351 0.8502188236940035
0.3511454442371754 -0.8381228069230405 -0.4174290808112445
0.5183465767346787 -0.5618485734147294 0.6447038133432075
0.423674533058202 0.7225157766729826 0.5463248507038199
0.8379169416886718 -0.4758645094530156 0.2672979002426765
0.9266413262182928 -0.32525791714175 0.1885288834131626
-0.7259079903957834 0.6527339374222949 -0.2167856001138974
-0.3148587790364864 -0.9193529926730142 0.2359110513028708
-0.1465927769842017 -0.9265974522997745 0.3463058173459221
-0.829215235632041 -0.3665949214982239 -0.4219126171702022
-0.3081932368039922 0.6811235545954812 0.6641442856514651
0.09883840275480012 0.9805147166122878 -0.1697700228179432
-0.7234351912226258 -0.0647453406566938 0.6873496671737985
0.7793776818163379 0.309710197157908 0.5446558756343319
0.535518936748845 0.303158080278258 0.7882351468599887
-0.7077917912299276 0.009915693483938668 -0.7063515125560808
-0.1483092406519316 0.8965103851665323 -0.4174607747151862
-0.2216451614713512 0.8021010039635437 -0.554533499291985
-0.749701493851461 -0.5783113035773747 0.3217199189847053
-0.6475652020717334 0.3698130007195448 -0.6662564472968355
-0.2545126659363863 -0.8010271111274707 -0.5418291890593677
0.9476460920006022 0.1498648062749107 -0.2819706086743252
-0.6474434205826638 0.6544238636902882 0.3905719188278839
-0.6302044292573715 -0.6295623631544898 0.454415677814625
0.4247862911505727 0.6483618310093153 -0.6318097363453564
0.8752897619625851 -0.3177617312234423 -0.3645480966530503
-0.4856786040097726 -0.6511477807395845 0.58320053261724
0.1655027571528118 -0.4817195424126828 -0.8605551230644861
-0.594974900112677 -0.07314624721035042 -0.8004089546943816
0.5784865684863227 0.6139819676228037 -0.5370097145442991
0.03426922304306814 0.3762037654743816 0.9259029901641537
0.3634251110995645 -0.2950912306251193 -0.883653412956925
-0.6107462880799546 -0.3122843812547729 -0.7276451311050468
-0.7138967041828455 0.4776081049520799 -0.51209568816868
-0.6285171858665785 0.623246302999201 -0.4653280486583469
0.8803999956711577 0.4633055880811595 0.1012115589989424
-0.1632831411432029 -0.9686554704871789 0.1872036199267286
0.5005973521891367 0.8470844008620407 -0.1784665481187523
0.02240171991773444 0.9100409000988906 -0.4139126998437334
-0.355601065652992 -0.7683610891181173 0.532136372404365
0.4605057190158706 0.7894614139432917 0.4058141922707172
0.03908402796187582 0.9742988648848632 0.2218426483847111
-0.7331730345598271 -0.4880731087268235 0.4735419114841567
-0.09959547839519364 -0.8421193314371754 -0.5300148793223047
0.6490976093441431 0.5659900225438157 0.5082593707198808
0.9406664470069689 0.2812735204824935 -0.1898205524980625
0.6202922292159909 -0.6008083353523275 0.5042488418880324
-0.9963354671327787 0.08410783876496127 -0.01554054026071983
0.9285471704952919 -0.3015245269130292 -0.2165250836163362
-0.5261031150007447 0.7715359077525241 0.3576979947315916
0.1855292453182953 -0.6190469502621501 0.7631250045063096
0.6710068930938216 0.2676740710307394 0.6914480031921471
0.7225230323532174 -0.601912397555133 0.3400910663168662
-0.3868578006972938 0.7280976466540998 0.5658753033808903
0.5796714426994294 0.7110432699174156 -0.3979930738391201
-0.04012872861942129 0.4951421145449911 0.8678847685858438
0.5663168339101872 -0.4373917691239125 0.6985511319385257
0.244141360629135 -0.8015097799830795 -0.54587275863669
-0.1890484653813418 0.6226618870654282 0.7593107744086603
-0.2080983482491833 -0.8515409623470291 0.4812203932722065
0.06807988351731777 0.9971530288813956 -0.03241861275451035
-0.2170122469769785 -0.2487778487248421 0.9439360500827598
0.95211062074997 -0.3026877433980391 0.04319138631382002
-0.2742894661747004 -0.08613428723196112 0.9577819027882287
-0.6480964917128624 0.6841489178661981 -0.3345313073719555
0.7892609436222275 -0.5844190825551112 0.1884714801183269
-0.8085415519318387 -0.3528669159699519 0.4708986073599163
-0.06931239031877982 0.2384764149167317 0.9686716637110636
-0.1530930143610746 0.04742738919495985 0.9870730326110574
-0.5149126639654606 0.6491653579768698 -0.559865418195083
3 1 0 249
410
411
412
413
414
415
416
417
418
419
420
421
422
423
424
425
426
427
428
429
430
431
432
433
434
435
436
437
438
439
440
441
442
443
444
445
446
447
448
449
450
451
452
453
454
455
456
457
458
459
460
461
462
463
464
465
466
467
468
469
470
471
472
473
474
475
476
477
478
479
480
481
482
483
484
485
486
487
488
489
490
491
492
493
494
495
496
497
498
499
500
501
502
503
504
505
506
507
508
509
510
511
512
513
514
515
516
517
518
519
520
521
522
523
524
525
526
527
528
529
530
531
532
533
534
535
536
537
538
539
540
541
542
543
544
545
546
547
548
549
550
551
552
553
554
555
556
557
558
559
560
561
562
563
564
565
566
567
568
569
570
571
572
573
574
575
576
577
578
579
580
581
582
583
584
585
586
587
588
589
590
591
592
593
594
595
596
597
598
599
600
601
602
603
604
605
606
607
608
609
610
611
612
613
614
615
616
617
618
619
620
621
622
623
624
625
626
627
628
629
630
631
632
633
634
635
636
637
638
639
640
641
642
643
644
645
646
647
648
649
650
651
652
653
654
655
656
657
658
-2.664535259100376e-15 -1.609823385706477e-15 1.332267629550188e-15
0.3214171084630993 -0.2025690470888876 0.3283568466321549
-0.3980687698083114 -0.217690175828353 0.2151826242812319
-0.2783873193655736 0.3965002458698283 0.1331441262887838
0.4670756628803754 0.1220243149745859 -0.138632970514576
-0.3197511146948058 0.004386547769833785 -0.3873981795962158
0.2443913275914349 0.3677819173919641 0.2392887318599434
-0.09360553437102734 -0.4249427444507286 -0.250605817590987
0.03566179938474065 0.4147501523768375 -0.2828354622066681
0.1946085849142553 -0.1032435551597154 -0.4713601994048058
-0.1020611319437393 0.08459408545377251 0.4826765749141477
0.3911521032163791 -0.342476321880154 -0.1161578810905285
-0.02206804654395744 -0.4970527397996587 0.2067492354018697
-0.555695649460097 0.1039678831693658 -0.03406175008926943
-0.4764385015510685 -0.3065018091362692 -0.1750362548888759
-0.3586244442582093 0.4275470942192702 -0.2527612948891158
0.5446451793609837 0.1123364584114039 0.2478474629385167
-0.4703013401040509 0.1398789220132 0.3593673311863647
0.2857247826020441 0.1218738378956594 0.5328338398966468
0.03510421334328646 0.6221039205069319 0.03955085344809424
-0.160153147747644 -0.2992904064333071 0.5124464648375981
0.3691986512011801 0.4975431193362059 -0.09769008803652805
-0.039028412939144 0.1837936270060437 -0.5841185312277571
-0.06316503640205212 0.4519887923335785 0.4324941587164371
0.3267189004026576 0.2533118866216945 -0.4667634346990532
-0.1275360755762708 -0.2490363258844047 -0.5714847520990941
-0.343141128836896 -0.5495967001209169 0.05381691185596335
0.1598081931180165 -0.6163609810779779 -0.08046709508554439
0.2162156925568373 -0.453733993879423 -0.4209869953229503
0.6280488013163996 -0.1818983501698565 0.08181290287281204
0.3301328110748472 -0.531291477490534 0.2118642665707094
0.5274217430615156 -0.1378533880828876 -0.3662845789830496
0.1436625168691452 -0.4342359382829671 0.488976982172594
0.08144888997825961 -0.127050189953955 0.7132753294437082
0.5999994853299049 0.3397998033925668 0.04129320423186997
0.007225679195276168 -0.1823576493840341 0.2644020561851869
-0.2517338102208587 0.1591019131410523 -0.1161043369700673
-0.5670088183704058 0.200868448339308 -0.3384040375150348
0.09009220962289648 -0.3044967435595205 -0.02039159169317883
-0.311103879989231 -0.5185354071766479 0.3582067726216916
-0.3331489746069198 0.2844812194900821 -0.5324076248316446
0.3049182356881589 -0.0819207782903984 0.03805083346368213
-0.662425198218044 -0.1815648310935854 0.04696714482294365
0.1865540476589092 0.2438131485188072 -0.06671116163414571
-0.3456995184477159 -0.4216320401090164 -0.4325833624762803
-0.5849808859878001 0.3476262145313377 0.1576751822396178
-0.03119797231875709 0.224716494657807 0.2135609507387082
0.03370135886305234 0.09609401746683319 -0.2942942567141506
-0.2109856001998587 -0.2264415288928157 -0.03348418401202646
-0.4313925712736845 -0.1323170690251554 0.5203284969400062
-0.3660290080890743 0.4188379981005358 0.4242013214869212
0.05727756174733921 0.2789820876903952 0.6442819912507455
-0.1301302600287452 -0.6845995382365865 -0.1068634486340263
-0.2660284990998758 0.04593792316847317 0.1611100618612947
0.525986396129391 -0.06087948605980897 0.4841824754987087
-0.1493306477479116 0.6467343961255283 -0.2044870374449012
-0.6028799004076124 -0.09957584342693808 -0.3569471426925682
0.7207332291401483 0.0796094821539613 -0.003833546184291436
0.5397617492962603 0.3607182997487374 -0.2945692827676288
0.28808738732918 0.529887481039768 -0.3775482726681856
-0.2474131894466265 -0.001757045107685311 -0.670240406296132
-0.4294896371184979 0.5864157111698676 -0.02270275498569217
-0.574876467796282 -0.4286910609671578 0.1612947640138293
-0.1694235020770627 0.51520400746207 -0.4634933143813472
0.1913032906480335 0.0488111391831122 0.2695307009812098
-0.6357897069249681 -0.09278126499144107 0.3198848238882561
-0.1739608730606484 0.6473074613248589 0.2437611174455575
0.5665149874406237 -0.4514383711594679 0.09230174301670696
0.3710185414775842 -0.3175000234444384 0.563219779423805
0.280794601078201 0.4077493772268135 0.5203277620576182
0.507175099837927 0.3760366375778526 0.3497952923972154
-0.1678269737147597 -0.08633624026144281 0.6968575591370034
0.08890703651473367 0.4400691696478182 -0.5638668744590725
0.3025914709392711 0.6350389321467054 0.1471720055632733
-0.3391464504238078 0.1309200845592979 0.6322431239187137
0.5861668514885324 -0.2885693086574058 0.3356005129274553
-0.04400123166942067 -0.5133684381821326 -0.5147757551577401
-0.6025703804911424 0.3877560681895849 -0.1196286936680671
0.6618712397893323 -0.272661117496934 -0.172215870180865
-0.1075659126725398 -0.1462541148782618 -0.2819126645610996
0.04320905672274625 -0.06257650795950427 -0.7179054411237624
-0.4252806292335297 -0.1869719042786191 -0.5609694333214178
0.3845355767718767 -0.5824414214124021 -0.2476921457788889
-0.05513940375228762 0.3701157093812902 -0.0264073734929893
0.6892503773368204 0.0801143219951177 -0.2818650733973617
-0.4156090830441146 -0.5740101989155734 -0.2122644081214924
0.1313357394003937 -0.3108938054389114 -0.6398693716803447
0.3912610331224434 -0.287382498474297 -0.5528152042328769
-0.07844950247353949 -0.5771236513996636 0.4702003748512585
0.1752916255997103 -0.117065995349016 -0.1995034647717947
-0.1738584253360019 -0.7076445004526886 0.1752489367492914
-0.5137343921341282 -0.3566326919244234 0.4078901634344718
-0.7189776089330795 0.1177935360179572 0.17862264184393
0.1195869784896801 0.6611767016972886 -0.2133109906586786
0.1388399614201002 -0.6530052841585983 0.3440623428342996
-0.4416310235424665 0.5670672334746353 0.2311425997775123
0.4263073144484106 0.01510261691708885 -0.5809458695831633
0.1572818185199658 0.5860101925826602 0.3652563163763697
0.03868544731598748 -0.667023525485328 -0.3128289963650329
-0.5054426529165779 0.07264500982493258 -0.5558723628009393
0.5314652770181555 -0.3991443493910478 -0.362232878612374
-0.38703429174302 -0.06283590032881642 -0.143903749951602
-0.2113779563379921 0.3571146099801316 0.6237848127634653
0.2090773590952458 0.1497910999800347 -0.688009808610917
-0.1633320739052948 0.2584348663605163 -0.3384695242974719
-0.2109962253663462 -0.6280953320549459 -0.3573351317313108
0.07072067836571699 -0.7480129046857973 0.1181329300322424
0.5242480705607867 0.1861048074996294 0.5086593694289429
0.4197161540809009 -0.6368298621836134 -0.001628941640598652
-0.2251073202109986 -0.1035488615785782 0.3631247436031548
0.3830995968556103 0.2214512399111306 0.08877643837850549
0.703879454553242 -0.07357794744964417 0.2926232251195321
0.3500201569381212 -0.08708338396345232 0.6621294215440843
-0.7427317327753447 -0.03305998894216361 -0.1493948344899347
0.3539237664003566 0.03886541708009572 -0.343853538677002
0.01803485767147216 0.0634499495391903 0.7560318156749246
0.5644128420810249 0.1856245957269672 -0.4672386881687615
0.1154005579138211 0.2465355100737131 0.4085647507880466
-0.229304545817679 0.7274170822480475 0.01581655942906821
-0.2416847487890186 0.2256608125717897 0.3389944339446228
-0.1268995942867575 -0.454922508751804 -0.01016792132638608
0.3198793276248172 -0.3112612548492783 0.1125809011447194
-0.1883231014794389 -0.326853656219711 0.272386283893561
0.2757607287347104 -0.1280355622961409 -0.7049615881858982
-0.591216278910546 -0.4903866414241989 -0.07066836331108481
0.4824046294251417 -0.1186724353464765 -0.1219382653886043
0.3883881935528453 0.5744687613062601 0.3593925754582549
0.04647836708187442 -0.2827710351441394 -0.4077958975057696
-0.03873757676492689 -0.03912063060980797 -0.4884015636402907
0.7099997514960673 0.2744529900679589 -0.1540585336140204
0.5097876391446836 0.5216311739806754 0.1631356668215762
0.03586265769149105 0.6372103086158858 -0.4372176769095672
0.5809603916047583 -0.4957436790742861 -0.1422957395751398
0.4524490274953718 -0.4700554363453174 0.4034702895455601
0.02484959788923832 0.4565151051876032 0.2108817933196518
0.3179839076039362 -0.2592076799417943 -0.3274743001877014
-0.1269455135055015 0.3908009323387899 -0.6618406442770417
-0.5651824783347527 -0.3329032554710395 -0.3959736026480087
-0.5083036139815135 0.4066547464867627 -0.4295926055205894
0.04579673381837612 0.7432215986032072 0.2367298871966657
-0.000904951272386338 -0.3760073755558161 0.6964453733687043
-0.58306261752216 0.3396891779071178 0.3974054466226815
0.1587518908882868 -0.3566398566797426 0.2718567126792106
0.3145086541676696 0.3244736559946622 -0.2446584194186745
-0.3726172145228068 -0.3513999577608604 0.5936607259360633
-0.4910158957220211 -0.0127666942681319 0.1564041887957923
-0.3233326510005397 -0.2182678370879654 -0.3244480535325175
-0.7069422406346922 -0.2640532672842186 -0.1679693220818012
-0.4173918788595873 0.2899236320022427 -0.01931593523078273
0.2927830063684045 0.7137420527460481 -0.06978355855351931
0.1883456071144549 -0.4184138262262643 -0.19496935794514
-0.7202771888899422 0.1954816316214936 -0.16661413135248
0.6872973759045544 0.2883323630201524 0.2439495203362934
0.1868719085540935 0.4502719917159938 0.03316416034547226
-0.5974852396827364 0.02581272919288292 0.5125516833778794
0.07486484952836969 -0.05112770463847527 0.4375111699536147
0.3622116575744684 0.2052918123721759 0.3392612147382828
-0.4005565406624037 0.646830410127916 -0.2363078340402796
0.4613490293120753 -0.08844544621712452 0.1971408132692813
-0.2372099045576909 0.5928201007050895 0.4732642854677116
0.0871622449947308 0.498396227248748 0.595718368921611
0.594919697430293 0.4974756499574515 -0.1219597782559593
0.1053149198844106 0.2600718066822276 -0.4299527538785112
-0.4165084268522534 -0.342477034180034 0.03420108942784406
-0.2440761381452686 0.475997574148831 -0.07013712678887293
0.7759073293164738 -0.08047957081735595 -0.1511705594885304
-0.3080675088865273 -0.3571533396139117 -0.6413674945369491
-0.7080186463369961 -0.2830372171466929 0.2483849391663288
0.4493323210515597 0.6098446454735901 -0.2614884822213388
-0.2417381926720917 0.21239025119137 -0.7186336678570757
-0.4467553440129787 -0.6251469482664103 0.2278975824050767
0.2374460167428248 -0.6618548612041681 -0.3864744776229357
0.2382889932475997 0.08481335229972621 0.7460122559895953
0.4530206248759127 0.4314962087833138 -0.4827843540358366
-0.1618587337377562 0.184349873319739 0.7454055573960929
-0.3737683417724459 0.5673268216007367 -0.4283452856174968
-0.2864992459477251 -0.4099100143894293 -0.1510487402250378
0.2749277752637932 0.3595078020095488 -0.6550319152795029
0.1591617771236104 -0.4794940127012161 0.08824335625230907
0.2838638025133664 -0.7278416043500937 0.137984691352631
-0.06871534287629948 0.02067402544284822 0.2778085258557781
0.2153889930082727 -0.3110953886930062 0.7127977214271992
-0.7461312963125266 0.2752661630957245 0.03279882946300829
-0.04347688340237647 0.6650702281069705 0.4156122635813281
-0.1410301574333452 -0.1611711533173115 -0.7668179112522276
-0.4646509010316703 0.2970761175651945 0.5734221798453738
-0.3879525674857432 0.2197413012647187 0.1797529397427101
0.000418208071541401 0.7964295812086566 -0.08866361630002154
0.06313876682306334 -0.7932276883066542 -0.1447863712746798
0.5207334657507338 0.04817727766085912 0.04989242252223261
0.06501881927677933 0.3041564685695269 -0.7287980848287872
-0.2940752842351914 -0.7486712127366836 0.007877227759574792
-0.174921099922492 -0.1463915685191897 0.1603793791422253
0.682269835253425 0.1011371245193733 0.4034141046949971
-0.04000174865856418 0.1761693814128215 -0.1118226556578182
0.6243956157105695 -0.01398074785233771 -0.5093376737897738
-0.228249298265335 -0.5025228591383489 0.5954123459752563
-0.3596779504118263 0.1911849712544234 -0.2956271954897868
0.2673519493262974 0.05529947861507833 -0.1184952282280925
0.2898016536835264 -0.5831897721206808 0.4713114135099831
0.2627994722009538 0.2889846279070076 0.6948884340070235
0.3689062395611162 -0.00387916741582725 0.3619583560369855
0.7251744744788056 -0.3429864120710158 0.1610359593683215
-0.1727567466073269 -0.03604845761700326 -0.1147970728227033
0.7671684098982121 0.1012401706348779 0.1982690576927499
-0.5539371945205631 0.5181330251449182 -0.2667815004392295
-0.05129688193401766 -0.4030451503189066 -0.6957222516060971
-0.6883328083590086 0.1600625072083004 0.3808499145352082
0.03754655015658698 -0.2562538334305646 0.4580837947103253
-0.1864178338046191 0.2183725908997531 0.07353264799506293
0.4349887885442218 0.09944088288430472 0.6718383461419698
-0.05097180645312459 -0.73455080379358 0.3391905219984797
0.1615611407099517 0.2065048081430834 0.1367047963977897
-0.6129703228951918 0.5164443589891681 0.04176749811988224
0.8003463910639049 -0.07515530227759666 0.1019820368907882
-0.7967276956687814 -0.0243224554481896 0.05005427529579937
0.5248146205414551 -0.5762842362451391 0.2465939935937237
-0.03587194517509259 0.1241230056411049 -0.791309594238563
0.2962994844954064 -0.7443403447783264 -0.1610545928315322
0.4020717954430317 -0.5329327677013361 -0.4441417692241622
0.280921297588449 -0.4478743340892601 -0.6147619570260103
0.1166394436553437 -0.1382222407914713 0.09666643015526345
0.4730570084813446 0.6447702774711784 0.002146789639853396
-0.215481747026459 -0.2867500559349621 0.7109855294809884
-0.1649159276597248 0.700620259111285 -0.3943225311610094
0.4677207336521633 0.3218269683025398 -0.1100862542661795
0.1592886098383517 0.782793212642249 0.07019071596467219
0.4316234670955548 0.2165476318199855 -0.6475679754413195
-0.06154510608631694 -0.3086423367991959 0.1147144764936168
-0.3335099634278959 -0.2687926373346346 0.3982414054687016
0.5539385015060418 -0.2518013532026975 0.5271396778231625
-0.4352994944663557 -0.04523118752995253 -0.693395277877029
-0.303075175737068 0.06440488193152594 0.4446179979025933
0.122210604239537 0.07943015912980565 -0.5194156628876316
0.7799753463661625 0.256441623745127 0.06926151892700155
-0.5107483604456827 -0.6516758269873301 0.01576607101146053
-0.3442259977560216 -0.1066923882229494 0.0569216779098527
0.7146704461957953 -0.3992982393616342 -0.02891069808512677
-0.7177596081205976 -0.3736303392201486 0.03195337572069774
-0.1605594647997655 0.457292517661661 -0.271092086673879
-0.2169463100898495 0.1214646861480841 -0.5143867016039474
-0.5418538932471042 0.03783392748869524 -0.2234405574651243
-0.7147652329892752 0.06464877336441421 -0.3234157507861878
0.09151030777940725 0.09534239769309455 0.5727309912874171
-0.3129402866972077 0.4716352818188869 -0.5918332401571981
0.7229714487297464 -0.1608563066486827 -0.3273102552978598
0.02937437605727533 -0.2726036617226045 -0.2085337883392305
0.2429942320704521 -0.1390651896573022 0.5011959438233623
-0.1340934368950826 0.5275708515008468 0.0886760877674411
$EndNodes
$Elements
5 3502 1 3502
0 1 15 1
1 1 
0 2 15 1
2 2 
1 1 1 16
3 1 3 
4 3 4 
5 4 5 
6 5 6 
7 6 7 
8 7 8 
9 8 9 
10 9 10 
11 10 11 
12 11 12 
13 12 13 
14 13 14 
15 14 15 
16 15 16 
17 16 17 
18 17 2 
2 1 2 814
19 3 36 1 
20 1 330 3 
21 36 238 1 
22 1 238 222 
23 222 315 1 
24 315 330 1 
25 2 270 17 
26 17 272 2 
27 2 272 20 
28 20 408 2 
29 2 271 270 
30 2 408 271 
31 3 19 4 
32 4 236 3 
33 3 330 19 
34 3 236 36 
35 4 25 5 
36 5 269 4 
37 19 25 4 
38 4 269 236 
39 5 26 6 
40 6 35 5 
41 25 26 5 
42 35 269 5 
43 6 21 7 
44 7 338 6 
45 6 26 21 
46 6 338 35 
47 8 249 7 
48 7 267 8 
49 21 267 7 
50 249 338 7 
51 9 33 8 
52 8 361 9 
53 33 249 8 
54 267 361 8 
55 9 24 10 
56 10 266 9 
57 9 361 24 
58 9 266 33 
59 10 27 11 
60 11 37 10 
61 24 27 10 
62 37 266 10 
63 11 18 12 
64 12 256 11 
65 11 27 18 
66 11 256 37 
67 13 32 12 
68 12 268 13 
69 18 268 12 
70 32 256 12 
71 13 23 14 
72 14 261 13 
73 13 268 23 
74 13 261 32 
75 15 38 14 
76 14 254 15 
77 23 254 14 
78 38 261 14 
79 15 28 16 
80 16 262 15 
81 15 254 28 
82 15 262 38 
83 16 22 17 
84 17 34 16 
85 16 28 22 
86 34 262 16 
87 22 272 17 
88 17 270 34 
89 27 30 18 
90 30 192 18 
91 192 268 18 
92 19 64 25 
93 19 65 64 
94 19 330 65 
95 272 407 20 
96 407 408 20 
97 26 57 21 
98 57 150 21 
99 150 267 21 
100 28 29 22 
101 29 39 22 
102 39 272 22 
103 23 391 254 
104 268 353 23 
105 353 391 23 
106 24 325 27 
107 24 385 325 
108 361 385 24 
109 25 229 26 
110 64 229 25 
111 26 229 57 
112 27 325 30 
113 28 354 29 
114 254 354 28 
115 29 40 39 
116 29 41 40 
117 29 354 41 
118 30 195 192 
119 30 375 195 
120 325 375 30 
121 234 240 31 
122 31 247 234 
123 240 241 31 
124 241 242 31 
125 242 355 31 
126 31 355 247 
127 32 257 256 
128 32 258 257 
129 32 261 258 
130 33 365 249 
131 266 388 33 
132 33 388 365 
133 34 263 262 
134 34 264 263 
135 34 270 264 
136 235 269 35 
137 35 332 235 
138 35 338 332 
139 236 237 36 
140 237 333 36 
141 36 333 238 
142 256 345 37 
143 37 402 266 
144 345 402 37 
145 38 336 261 
146 262 328 38 
147 328 336 38 
148 40 226 39 
149 226 370 39 
150 39 370 272 
151 41 42 40 
152 42 43 40 
153 43 226 40 
154 41 94 42 
155 41 217 94 
156 41 354 217 
157 42 44 43 
158 42 343 44 
159 94 343 42 
160 44 45 43 
161 45 87 43 
162 87 226 43 
163 44 46 45 
164 44 63 46 
165 44 343 63 
166 46 47 45 
167 47 289 45 
168 45 289 87 
169 46 48 47 
170 46 276 48 
171 63 276 46 
172 48 49 47 
173 49 54 47 
174 54 289 47 
175 48 50 49 
176 48 381 50 
177 276 381 48 
178 50 51 49 
179 51 230 49 
180 49 230 54 
181 50 52 51 
182 50 53 52 
183 50 381 53 
184 52 55 51 
185 55 281 51 
186 51 281 230 
187 53 296 52 
188 52 56 55 
189 52 296 56 
190 53 400 296 
191 53 381 327 
192 327 400 53 
193 230 393 54 
194 54 350 289 
195 54 393 350 
196 56 58 55 
197 58 60 55 
198 60 281 55 
199 56 59 58 
200 56 170 59 
201 56 296 170 
202 57 151 150 
203 57 171 151 
204 57 229 171 
205 59 313 58 
206 58 61 60 
207 58 313 61 
208 170 201 59 
209 201 202 59 
210 202 313 59 
211 61 62 60 
212 62 149 60 
213 149 281 60 
214 61 68 62 
215 61 346 68 
216 313 346 61 
217 68 69 62 
218 69 298 62 
219 62 298 149 
220 275 276 63 
221 63 380 275 
222 343 380 63 
223 65 66 64 
224 66 274 64 
225 64 274 229 
226 65 67 66 
227 65 320 67 
228 65 330 320 
229 67 84 66 
230 84 89 66 
231 89 274 66 
232 67 85 84 
233 67 86 85 
234 67 320 86 
235 68 70 69 
236 68 83 70 
237 68 346 83 
238 70 71 69 
239 71 72 69 
240 72 298 69 
241 70 95 71 
242 83 248 70 
243 70 248 95 
244 71 73 72 
245 71 326 73 
246 95 326 71 
247 73 74 72 
248 74 299 72 
249 72 299 298 
250 73 75 74 
251 73 76 75 
252 73 326 76 
253 75 96 74 
254 96 100 74 
255 100 299 74 
256 76 77 75 
257 77 291 75 
258 75 291 96 
259 76 78 77 
260 76 273 78 
261 76 326 273 
262 78 79 77 
263 79 82 77 
264 82 291 77 
265 78 80 79 
266 78 97 80 
267 78 273 97 
268 80 81 79 
269 81 406 79 
270 79 406 82 
271 80 307 81 
272 97 98 80 
273 98 307 80 
274 307 358 81 
275 358 382 81 
276 382 406 81 
277 82 285 283 
278 283 352 82 
279 82 406 285 
280 82 352 291 
281 83 250 248 
282 83 251 250 
283 83 346 251 
284 85 321 84 
285 84 90 89 
286 84 321 90 
287 86 88 85 
288 88 162 85 
289 162 321 85 
290 86 99 88 
291 86 103 99 
292 86 320 103 
293 87 395 226 
294 289 398 87 
295 87 398 395 
296 99 102 88 
297 102 318 88 
298 88 318 162 
299 90 91 89 
300 91 364 89 
301 89 364 274 
302 90 92 91 
303 90 190 92 
304 90 321 190 
305 92 93 91 
306 93 218 91 
307 218 364 91 
308 92 172 93 
309 92 378 172 
310 190 378 92 
311 172 323 93 
312 93 252 218 
313 93 323 252 
314 217 384 94 
315 255 343 94 
316 94 384 255 
317 95 248 245 
318 245 387 95 
319 95 387 326 
320 96 101 100 
321 96 337 101 
322 291 337 96 
323 97 105 98 
324 97 246 105 
325 97 273 246 
326 105 106 98 
327 106 107 98 
328 107 307 98 
329 99 317 102 
330 103 104 99 
331 104 317 99 
332 101 153 100 
333 153 196 100 
334 196 299 100 
335 101 154 153 
336 101 176 154 
337 101 337 176 
338 317 359 102 
339 102 319 318 
340 102 359 319 
341 103 155 104 
342 103 315 155 
343 103 320 315 
344 155 156 104 
345 156 189 104 
346 189 317 104 
347 105 184 106 
348 105 185 184 
349 105 246 185 
350 106 108 107 
351 106 309 108 
352 184 309 106 
353 108 109 107 
354 109 302 107 
355 302 307 107 
356 108 110 109 
357 108 135 110 
358 108 309 135 
359 110 111 109 
360 111 136 109 
361 136 302 109 
362 110 112 111 
363 110 280 112 
364 135 280 110 
365 112 113 111 
366 113 311 111 
367 111 311 136 
368 112 114 113 
369 112 121 114 
370 112 280 121 
371 114 115 113 
372 115 117 113 
373 117 311 113 
374 114 116 115 
375 114 301 116 
376 121 301 114 
377 116 118 115 
378 115 334 117 
379 118 334 115 
380 116 119 118 
381 116 329 119 
382 301 329 116 
383 117 347 311 
384 334 376 117 
385 117 376 347 
386 119 120 118 
387 120 292 118 
388 292 334 118 
389 119 122 120 
390 119 127 122 
391 119 329 127 
392 122 123 120 
393 123 124 120 
394 124 292 120 
395 121 280 253 
396 253 360 121 
397 121 360 301 
398 122 128 123 
399 127 341 122 
400 122 341 128 
401 123 125 124 
402 123 314 125 
403 128 314 123 
404 125 126 124 
405 126 293 124 
406 124 293 292 
407 125 129 126 
408 125 132 129 
409 125 314 132 
410 129 130 126 
411 130 131 126 
412 131 293 126 
413 127 329 312 
414 312 397 127 
415 127 397 341 
416 277 278 128 
417 128 341 277 
418 278 314 128 
419 129 147 130 
420 132 300 129 
421 129 300 147 
422 130 133 131 
423 130 290 133 
424 147 290 130 
425 133 134 131 
426 134 335 131 
427 131 335 293 
428 239 310 132 
429 132 314 239 
430 132 310 300 
431 133 137 134 
432 133 148 137 
433 133 290 148 
434 137 138 134 
435 138 163 134 
436 163 335 134 
437 135 233 232 
438 232 280 135 
439 135 309 233 
440 136 303 302 
441 136 304 303 
442 136 311 304 
443 137 139 138 
444 137 390 139 
445 148 390 137 
446 139 140 138 
447 140 316 138 
448 138 316 163 
449 139 141 140 
450 139 340 141 
451 139 390 340 
452 141 142 140 
453 142 143 140 
454 143 316 140 
455 141 144 142 
456 141 188 144 
457 141 340 188 
458 142 287 143 
459 144 145 142 
460 145 287 142 
461 287 366 143 
462 143 379 316 
463 366 379 143 
464 144 146 145 
465 144 401 146 
466 188 401 144 
467 146 177 145 
468 177 178 145 
469 178 287 145 
470 146 227 177 
471 146 403 227 
472 401 403 146 
473 147 386 290 
474 300 392 147 
475 147 392 386 
476 148 279 265 
477 265 390 148 
478 148 342 279 
479 290 342 148 
480 149 389 281 
481 298 362 149 
482 362 389 149 
483 151 152 150 
484 152 203 150 
485 203 267 150 
486 151 164 152 
487 151 369 164 
488 171 369 151 
489 164 165 152 
490 165 324 152 
491 152 324 203 
492 154 282 153 
493 153 199 196 
494 153 282 199 
495 176 179 154 
496 179 183 154 
497 183 282 154 
498 155 157 156 
499 155 222 157 
500 155 315 222 
501 157 158 156 
502 158 368 156 
503 156 368 189 
504 157 159 158 
505 157 295 159 
506 222 295 157 
507 159 160 158 
508 160 372 158 
509 247 368 158 
510 158 372 247 
511 159 161 160 
512 159 173 161 
513 159 295 173 
514 161 180 160 
515 180 181 160 
516 181 372 160 
517 173 174 161 
518 174 308 161 
519 161 308 180 
520 318 331 162 
521 162 357 321 
522 331 357 162 
523 316 399 163 
524 163 348 335 
525 163 399 348 
526 164 166 165 
527 164 394 166 
528 369 394 164 
529 166 167 165 
530 167 198 165 
531 198 324 165 
532 166 168 167 
533 166 377 168 
534 252 377 166 
535 166 394 252 
536 168 169 167 
537 169 322 167 
538 167 322 198 
539 168 182 169 
540 168 193 182 
541 168 377 193 
542 182 197 169 
543 197 231 169 
544 231 322 169 
545 170 356 201 
546 296 297 170 
547 297 356 170 
548 229 274 171 
549 274 364 171 
550 364 369 171 
551 219 323 172 
552 172 351 219 
553 297 351 172 
554 172 378 297 
555 173 175 174 
556 173 333 175 
557 295 333 173 
558 175 186 174 
559 186 191 174 
560 191 308 174 
561 175 187 186 
562 175 367 187 
563 333 367 175 
564 176 227 179 
565 176 284 227 
566 176 337 284 
567 177 283 178 
568 227 284 177 
569 177 284 283 
570 283 285 178 
571 285 286 178 
572 286 287 178 
573 179 223 183 
574 179 225 223 
575 179 227 225 
576 180 232 181 
577 180 253 232 
578 180 308 253 
579 232 233 181 
580 233 234 181 
581 234 372 181 
582 193 194 182 
583 194 275 182 
584 182 275 197 
585 223 224 183 
586 224 228 183 
587 228 282 183 
588 185 240 184 
589 240 349 184 
590 184 349 309 
591 185 241 240 
592 185 245 241 
593 185 246 245 
594 187 205 186 
595 186 312 191 
596 205 312 186 
597 187 206 205 
598 187 207 206 
599 187 367 207 
600 264 270 188 
601 188 340 264 
602 270 271 188 
603 271 401 188 
604 189 339 317 
605 189 355 339 
606 189 368 355 
607 321 357 190 
608 190 357 356 
609 356 378 190 
610 191 360 308 
611 312 383 191 
612 191 383 360 
613 195 204 192 
614 204 353 192 
615 192 353 268 
616 193 219 194 
617 193 323 219 
618 193 377 323 
619 219 327 194 
620 194 276 275 
621 194 327 276 
622 195 231 204 
623 195 322 231 
624 195 375 322 
625 199 200 196 
626 200 362 196 
627 196 362 299 
628 197 255 231 
629 197 380 255 
630 275 380 197 
631 322 375 198 
632 198 325 324 
633 198 375 325 
634 199 393 200 
635 282 350 199 
636 350 393 199 
637 230 389 200 
638 200 393 230 
639 200 389 362 
640 201 331 202 
641 201 357 331 
642 356 357 201 
643 202 404 313 
644 331 409 202 
645 374 404 202 
646 202 409 374 
647 203 361 267 
648 324 385 203 
649 203 385 361 
650 217 353 204 
651 204 384 217 
652 231 384 204 
653 206 288 205 
654 288 397 205 
655 205 397 312 
656 207 208 206 
657 208 209 206 
658 209 288 206 
659 207 235 208 
660 207 371 235 
661 207 367 237 
662 237 371 207 
663 208 210 209 
664 208 332 210 
665 235 332 208 
666 210 211 209 
667 211 277 209 
668 277 288 209 
669 210 212 211 
670 210 214 212 
671 210 332 214 
672 212 213 211 
673 213 278 211 
674 211 278 277 
675 212 215 213 
676 214 365 212 
677 212 365 215 
678 215 216 213 
679 216 239 213 
680 239 278 213 
681 214 338 249 
682 249 365 214 
683 332 338 214 
684 215 220 216 
685 215 388 220 
686 365 388 215 
687 220 221 216 
688 221 310 216 
689 216 310 239 
690 217 391 353 
691 354 391 217 
692 252 394 218 
693 218 369 364 
694 218 394 369 
695 219 400 327 
696 351 400 219 
697 220 402 221 
698 220 388 266 
699 266 402 220 
700 221 405 310 
701 221 345 344 
702 344 405 221 
703 221 402 345 
704 238 295 222 
705 223 407 224 
706 225 408 223 
707 223 408 407 
708 224 395 228 
709 370 395 224 
710 224 407 370 
711 227 403 225 
712 403 408 225 
713 226 395 370 
714 228 398 282 
715 395 398 228 
716 281 389 230 
717 255 384 231 
718 253 280 232 
719 233 349 234 
720 309 349 233 
721 234 349 240 
722 247 372 234 
723 235 371 269 
724 236 371 237 
725 269 371 236 
726 237 367 333 
727 238 333 295 
728 239 314 278 
729 241 243 242 
730 241 245 243 
731 243 244 242 
732 244 339 242 
733 339 355 242 
734 243 250 244 
735 245 248 243 
736 248 250 243 
737 250 373 244 
738 244 359 339 
739 244 373 359 
740 246 387 245 
741 273 387 246 
742 355 368 247 
743 251 373 250 
744 346 404 251 
745 251 374 373 
746 251 404 374 
747 323 377 252 
748 308 360 253 
749 254 391 354 
750 255 380 343 
751 257 345 256 
752 258 259 257 
753 259 344 257 
754 344 345 257 
755 258 260 259 
756 258 336 260 
757 261 336 258 
758 260 386 259 
759 259 392 344 
760 386 392 259 
761 336 396 260 
762 342 386 260 
763 260 396 342 
764 263 328 262 
765 264 265 263 
766 265 279 263 
767 279 328 263 
768 264 340 265 
769 340 390 265 
770 271 403 401 
771 271 408 403 
772 370 407 272 
773 326 387 273 
774 327 381 276 
775 277 341 288 
776 279 396 328 
777 342 396 279 
778 282 398 350 
779 284 352 283 
780 337 352 284 
781 285 382 286 
782 285 406 382 
783 286 366 287 
784 363 366 286 
785 286 382 363 
786 341 397 288 
787 350 398 289 
788 290 386 342 
789 291 352 337 
790 293 294 292 
791 294 334 292 
792 293 335 294 
793 294 376 334 
794 335 348 294 
795 348 376 294 
796 296 351 297 
797 296 400 351 
798 297 378 356 
799 299 362 298 
800 310 405 300 
801 300 405 392 
802 301 383 329 
803 360 383 301 
804 303 358 302 
805 302 358 307 
806 304 305 303 
807 305 363 303 
808 303 363 358 
809 304 306 305 
810 304 347 306 
811 311 347 304 
812 306 379 305 
813 305 366 363 
814 305 379 366 
815 347 348 306 
816 348 399 306 
817 306 399 379 
818 329 383 312 
819 313 404 346 
820 320 330 315 
821 379 399 316 
822 339 359 317 
823 319 409 318 
824 318 409 331 
825 359 373 319 
826 373 374 319 
827 374 409 319 
828 325 385 324 
829 328 396 336 
830 392 405 344 
831 347 376 348 
832 363 382 358 
3 1 4 2670
833 462 495 114 601 
834 82 475 459 501 
835 519 555 459 642 
836 114 495 462 515 
837 431 503 418 563 
838 459 519 412 555 
839 438 486 205 581 
840 379 399 449 498 
841 449 472 412 573 
842 203 468 494 539 
843 454 486 308 576 
844 415 457 514 613 
845 427 459 555 642 
846 443 481 271 525 
847 205 486 438 630 
848 146 459 481 633 
849 308 486 454 515 
850 430 519 481 565 
851 188 481 443 550 
852 420 481 519 565 
853 281 505 471 528 
854 431 418 503 553 
855 203 494 468 526 
856 418 553 431 563 
857 469 503 418 553 
858 431 503 469 553 
859 399 449 498 621 
860 413 460 433 476 
861 332 497 441 605 
862 418 429 465 493 
863 359 447 509 548 
864 281 471 55 528 
865 418 465 429 503 
866 417 435 454 556 
867 137 498 442 504 
868 135 534 495 547 
869 139 442 137 498 
870 281 476 505 528 
871 412 532 449 573 
872 203 468 150 526 
873 402 624 575 647 
874 271 443 188 481 
875 332 441 497 510 
876 485 531 477 543 
877 334 462 500 516 
878 332 214 441 510 
879 53 549 528 597 
880 436 472 449 573 
881 390 137 139 442 
882 459 475 427 555 
883 359 509 450 548 
884 440 477 531 543 
885 413 433 529 544 
886 424 452 511 557 
887 135 309 534 547 
888 429 418 503 563 
889 112 114 495 601 
890 415 489 457 613 
891 417 454 435 486 
892 418 429 493 563 
893 359 447 244 509 
894 417 489 435 556 
895 415 514 446 613 
896 412 475 459 555 
897 53 50 528 549 
898 449 532 436 573 
899 524 553 457 608 
900 430 565 481 618 
901 479 517 41 610 
902 457 553 524 572 
903 306 449 399 621 
904 479 480 217 517 
905 359 244 447 548 
906 232 495 454 547 
907 478 591 442 609 
908 520 540 431 563 
909 422 436 449 532 
910 35 497 332 605 
911 413 433 460 529 
912 413 529 456 544 
913 422 532 498 618 
914 575 624 439 647 
915 462 516 437 530 
916 534 547 309 557 
917 433 420 461 512 
918 60 55 281 471 
919 82 459 475 564 
920 437 530 516 588 
921 91 482 469 541 
922 466 491 247 509 
923 334 500 462 601 
924 137 504 442 609 
925 456 529 433 544 
926 416 540 520 563 
927 422 449 436 500 
928 500 516 462 530 
929 174 308 486 576 
930 35 506 497 605 
931 477 485 439 531 
932 422 516 530 588 
933 306 379 399 449 
934 227 481 459 484 
935 93 469 503 541 
936 60 471 281 505 
937 250 487 447 615 
938 232 135 495 547 
939 424 557 511 651 
940 449 412 472 501 
941 332 441 338 605 
942 104 317 509 579 
943 454 495 253 515 
944 420 433 461 527 
945 422 498 442 618 
946 93 503 469 578 
947 417 435 489 537 
948 89 469 482 587 
949 270 443 271 525 
950 283 82 459 501 
951 359 317 450 509 
952 498 532 430 618 
953 323 503 93 578 
954 455 505 298 551 
955 421 437 518 588 
956 334 462 516 598 
957 433 420 512 529 
958 449 472 436 580 
959 433 569 398 570 
960 93 503 92 541 
961 411 478 442 543 
962 398 512 433 570 
963 104 579 509 641 
964 51 476 281 528 
965 433 476 460 569 
966 217 41 479 517 
967 462 508 116 515 
968 398 433 512 569 
969 519 565 430 618 
970 116 301 114 515 
971 433 413 476 544 
972 435 415 470 491 
973 446 514 457 613 
974 205 187 486 630 
975 411 543 442 552 
976 250 447 548 615 
977 134 138 137 498 
978 450 509 317 579 
979 439 531 485 568 
980 411 531 485 543 
981 423 446 463 646 
982 298 505 362 551 
983 420 433 527 529 
984 422 516 500 530 
985 174 576 486 616 
986 437 417 530 560 
987 116 114 462 515 
988 418 514 473 572 
989 359 244 339 509 
990 76 475 78 502 
991 363 472 358 501 
992 312 205 486 581 
993 323 559 503 578 
994 379 316 399 498 
995 306 500 449 621 
996 363 472 501 580 
997 418 453 553 563 
998 134 498 137 504 
999 301 116 508 515 
1000 94 217 479 480 
1001 390 442 139 550 
1002 89 469 91 482 
1003 112 495 114 515 
1004 424 452 573 646 
1005 437 417 462 530 
1006 415 514 457 650 
1007 283 285 82 501 
1008 415 457 489 538 
1009 497 506 35 533 
1010 476 544 413 658 
1011 424 511 452 646 
1012 253 454 280 495 
1013 418 473 482 572 
1014 321 482 473 546 
1015 178 501 459 554 
1016 421 518 531 588 
1017 289 398 569 570 
1018 415 435 489 556 
1019 78 502 475 625 
1020 148 442 591 609 
1021 415 457 538 650 
1022 333 496 490 594 
1023 338 332 214 441 
1024 495 534 424 547 
1025 89 364 469 587 
1026 422 530 436 532 
1027 130 504 440 589 
1028 289 570 569 593 
1029 72 502 455 617 
1030 452 423 511 651 
1031 362 505 460 551 
1032 440 504 130 609 
1033 435 470 415 538 
1034 451 520 474 568 
1035 378 541 503 634 
1036 476 528 50 549 
1037 442 498 139 550 
1038 453 457 553 608 
1039 415 491 435 556 
1040 363 358 472 580 
1041 435 415 489 538 
1042 447 487 250 561 
1043 285 406 82 501 
1044 146 459 227 481 
1045 205 187 186 486 
1046 439 421 477 531 
1047 474 568 520 611 
1048 486 616 496 630 
1049 148 591 478 609 
1050 414 524 468 526 
1051 437 462 417 508 
1052 414 468 524 553 
1053 366 449 363 501 
1054 362 460 196 551 
1055 481 550 188 633 
1056 434 524 468 553 
1057 188 271 270 443 
1058 453 457 418 572 
1059 187 616 486 630 
1060 434 468 524 526 
1061 76 502 78 625 
1062 528 549 429 597 
1063 481 565 443 618 
1064 437 421 492 560 
1065 437 530 448 560 
1066 439 421 531 535 
1067 435 417 486 537 
1068 247 31 466 509 
1069 421 437 492 518 
1070 479 507 44 536 
1071 423 511 446 646 
1072 464 521 261 640 
1073 449 501 366 554 
1074 200 460 362 505 
1075 402 575 266 647 
1076 139 137 138 498 
1077 437 421 560 588 
1078 24 494 361 575 
1079 488 575 439 647 
1080 89 482 91 541 
1081 473 482 321 541 
1082 410 448 458 656 
1083 453 553 457 572 
1084 491 594 576 641 
1085 424 466 557 651 
1086 455 505 460 596 
1087 448 451 421 499 
1088 520 540 444 635 
1089 308 454 253 515 
1090 224 512 461 584 
1091 382 501 358 577 
1092 436 532 530 573 
1093 32 261 521 640 
1094 453 418 553 572 
1095 361 494 24 539 
1096 354 41 517 610 
1097 442 550 390 591 
1098 569 570 433 593 
1099 196 362 200 460 
1100 452 523 423 651 
1101 73 502 72 617 
1102 431 540 520 635 
1103 456 527 433 529 
1104 24 494 467 539 
1105 247 466 234 491 
1106 363 501 449 580 
1107 269 497 35 533 
1108 220 575 488 647 
1109 417 486 438 508 
1110 112 114 121 515 
1111 220 402 266 647 
1112 253 495 280 515 
1113 24 467 494 575 
1114 530 532 458 573 
1115 460 505 413 596 
1116 426 520 568 611 
1117 35 332 338 605 
1118 152 150 203 468 
1119 157 576 594 641 
1120 84 482 321 546 
1121 437 589 516 628 
1122 334 462 115 601 
1123 383 508 486 515 
1124 333 496 594 616 
1125 280 454 232 495 
1126 437 516 598 628 
1127 475 577 78 625 
1128 421 518 477 531 
1129 234 491 466 547 
1130 410 458 613 656 
1131 284 484 459 564 
1132 489 499 419 538 
1133 467 414 494 535 
1134 460 476 413 505 
1135 424 547 534 557 
1136 34 522 443 582 
1137 477 543 440 626 
1138 94 480 479 536 
1139 458 532 530 638 
1140 417 508 438 560 
1141 379 498 449 606 
1142 334 115 462 598 
1143 524 553 434 572 
1144 418 493 465 649 
1145 152 468 203 539 
1146 230 281 476 505 
1147 484 564 176 595 
1148 447 558 423 607 
1149 87 395 512 570 
1150 419 499 489 537 
1151 353 517 480 562 
1152 447 487 423 558 
1153 87 512 398 570 
1154 471 528 505 658 
1155 101 176 564 595 
1156 140 139 498 606 
1157 205 438 581 630 
1158 457 499 489 538 
1159 448 530 417 560 
1160 475 502 76 617 
1161 81 382 358 577 
1162 390 442 148 609 
1163 440 531 518 588 
1164 269 35 506 533 
1165 72 455 551 617 
1166 410 489 457 499 
1167 455 502 72 592 
1168 364 583 469 587 
1169 139 550 498 606 
1170 112 121 495 515 
1171 455 413 471 505 
1172 411 440 531 543 
1173 77 475 76 617 
1174 442 552 422 618 
1175 280 253 232 454 
1176 297 378 503 634 
1177 34 443 17 582 
1178 390 137 442 609 
1179 353 517 562 603 
1180 457 419 499 538 
1181 187 186 486 616 
1182 459 481 430 519 
1183 279 478 148 591 
1184 266 575 402 624 
1185 441 497 419 506 
1186 13 261 464 521 
1187 44 507 479 570 
1188 297 503 465 634 
1189 467 535 494 575 
1190 413 471 505 658 
1191 312 486 508 581 
1192 438 486 417 537 
1193 496 371 533 630 
1194 395 461 224 512 
1195 497 533 371 630 
1196 463 555 519 642 
1197 480 520 444 562 
1198 419 537 489 538 
1199 94 217 41 479 
1200 420 527 456 529 
1201 449 500 306 580 
1202 82 283 459 564 
1203 283 459 178 501 
1204 466 509 31 652 
1205 214 441 510 655 
1206 358 501 472 577 
1207 32 521 485 640 
1208 191 486 308 515 
1209 477 518 440 531 
1210 421 451 448 531 
1211 247 355 31 509 
1212 188 443 270 550 
1213 334 118 115 598 
1214 487 558 447 607 
1215 520 566 474 611 
1216 271 481 188 633 
1217 455 413 505 596 
1218 417 437 508 560 
1219 220 266 575 647 
1220 270 550 443 591 
1221 359 339 317 509 
1222 457 489 410 613 
1223 423 447 607 651 
1224 481 484 225 584 
1225 181 491 454 576 
1226 181 454 491 547 
1227 379 316 498 606 
1228 247 509 491 641 
1229 455 471 413 558 
1230 187 496 616 630 
1231 189 104 509 641 
1232 470 594 491 641 
1233 13 32 261 521 
1234 438 497 419 545 
1235 419 438 496 497 
1236 376 334 500 516 
1237 460 505 200 569 
1238 337 101 176 564 
1239 174 161 308 576 
1240 493 446 574 649 
1241 505 528 476 658 
1242 426 566 520 611 
1243 426 520 480 562 
1244 465 503 297 597 
1245 17 443 525 582 
1246 455 505 471 623 
1247 334 117 500 601 
1248 72 502 73 592 
1249 242 244 447 509 
1250 78 76 77 475 
1251 423 463 555 646 
1252 189 104 317 509 
1253 418 457 453 604 
1254 461 512 395 570 
1255 91 89 364 469 
1256 497 506 441 605 
1257 480 520 416 540 
1258 411 440 543 552 
1259 250 83 487 615 
1260 240 466 523 557 
1261 442 552 543 609 
1262 38 15 464 522 
1263 15 464 522 620 
1264 440 609 130 626 
1265 305 363 366 449 
1266 227 459 284 484 
1267 131 504 130 589 
1268 224 461 370 584 
1269 410 458 448 638 
1270 230 505 476 569 
1271 419 496 438 537 
1272 38 15 14 464 
1273 90 89 91 541 
1274 363 358 382 501 
1275 366 449 554 606 
1276 360 191 308 515 
1277 312 486 383 508 
1278 419 537 438 545 
1279 286 366 501 554 
1280 459 481 519 642 
1281 441 488 421 510 
1282 83 250 487 561 
1283 63 507 483 536 
1284 289 87 398 570 
1285 448 530 437 588 
1286 444 520 480 540 
1287 416 483 540 563 
1288 488 510 215 542 
1289 180 454 308 576 
1290 15 14 464 620 
1291 269 235 35 497 
1292 230 200 505 569 
1293 412 501 449 639 
1294 460 551 455 596 
1295 411 485 531 568 
1296 130 589 440 626 
1297 376 334 117 500 
1298 418 493 453 563 
1299 425 558 487 607 
1300 451 474 622 631 
1301 97 78 577 625 
1302 51 281 55 528 
1303 213 215 510 542 
1304 310 239 477 542 
1305 512 529 484 595 
1306 485 543 477 626 
1307 407 461 370 525 
1308 359 317 102 450 
1309 424 511 466 651 
1310 484 512 420 529 
1311 305 363 449 580 
1312 414 494 441 524 
1313 436 422 500 530 
1314 520 568 451 599 
1315 441 506 419 524 
1316 132 310 239 477 
1317 426 444 520 562 
1318 242 31 509 652 
1319 422 552 532 618 
1320 410 489 499 656 
1321 465 493 429 658 
1322 24 361 9 575 
1323 446 457 604 613 
1324 299 298 362 551 
1325 494 441 524 526 
1326 433 527 507 570 
1327 523 557 452 625 
1328 36 490 333 496 
1329 4 513 506 637 
1330 532 552 445 618 
1331 132 518 477 542 
1332 170 528 465 597 
1333 450 509 447 548 
1334 415 446 514 607 
1335 97 577 452 625 
1336 421 439 488 535 
1337 212 213 215 510 
1338 298 505 455 623 
1339 507 527 479 570 
1340 425 487 447 607 
1341 338 441 214 655 
1342 421 488 441 535 
1343 419 497 441 545 
1344 72 455 298 551 
1345 116 508 462 598 
1346 383 486 191 515 
1347 441 526 494 605 
1348 549 597 53 636 
1349 455 502 423 596 
1350 157 159 576 641 
1351 414 494 524 526 
1352 455 471 558 623 
1353 212 215 488 510 
1354 280 232 135 495 
1355 417 438 537 560 
1356 3 513 490 533 
1357 441 494 414 535 
1358 72 298 299 551 
1359 443 481 420 565 
1360 420 484 529 642 
1361 423 555 463 596 
1362 230 200 389 505 
1363 308 180 253 454 
1364 427 555 463 642 
1365 446 457 514 604 
1366 322 540 444 562 
1367 240 523 466 652 
1368 239 132 477 542 
1369 143 379 366 449 
1370 146 177 459 633 
1371 460 505 455 551 
1372 524 526 441 605 
1373 465 574 493 658 
1374 430 481 443 618 
1375 474 520 451 622 
1376 85 84 321 546 
1377 441 510 421 545 
1378 286 366 363 501 
1379 58 528 471 567 
1380 435 486 454 576 
1381 431 540 483 563 
1382 414 468 494 526 
1383 102 359 450 548 
1384 425 574 446 649 
1385 543 552 440 609 
1386 387 561 592 625 
1387 44 479 42 570 
1388 502 555 423 596 
1389 84 321 482 541 
1390 421 499 451 535 
1391 457 572 524 643 
1392 51 230 281 476 
1393 258 32 485 640 
1394 524 535 499 545 
1395 90 482 89 541 
1396 283 178 285 501 
1397 61 615 471 623 
1398 454 486 417 515 
1399 430 481 459 633 
1400 242 509 447 652 
1401 443 420 481 653 
1402 96 595 564 617 
1403 435 496 490 538 
1404 419 490 496 538 
1405 14 464 517 603 
1406 363 303 358 580 
1407 429 544 483 549 
1408 410 590 474 622 
1409 379 449 143 606 
1410 99 450 317 579 
1411 458 532 412 573 
1412 483 544 507 549 
1413 211 510 492 542 
1414 460 529 512 595 
1415 344 392 259 612 
1416 343 94 42 536 
1417 509 579 470 641 
1418 87 395 398 512 
1419 34 443 522 591 
1420 94 479 42 536 
1421 260 543 396 640 
1422 354 610 517 620 
1423 177 554 459 633 
1424 313 567 61 615 
1425 410 613 489 656 
1426 419 496 537 538 
1427 435 537 496 538 
1428 490 513 3 627 
1429 473 514 450 546 
1430 135 309 108 534 
1431 347 580 500 601 
1432 427 502 455 596 
1433 301 508 383 515 
1434 423 487 447 561 
1435 105 452 557 625 
1436 523 557 466 651 
1437 186 312 205 486 
1438 105 557 523 625 
1439 412 459 475 501 
1440 476 505 460 569 
1441 52 53 50 528 
1442 428 517 479 610 
1443 212 510 488 655 
1444 443 481 430 550 
1445 334 115 117 601 
1446 433 507 527 544 
1447 61 567 471 615 
1448 410 448 631 638 
1449 457 499 419 524 
1450 506 513 4 533 
1451 129 589 130 626 
1452 158 576 159 641 
1453 448 499 421 560 
1454 520 608 451 622 
1455 435 491 470 594 
1456 270 17 34 443 
1457 317 99 102 450 
1458 270 264 550 591 
1459 436 462 495 586 
1460 439 535 467 575 
1461 440 411 531 552 
1462 176 484 284 564 
1463 429 528 476 549 
1464 435 576 491 594 
1465 427 555 502 596 
1466 311 580 347 601 
1467 235 497 269 533 
1468 17 443 270 525 
1469 459 484 481 642 
1470 450 473 425 514 
1471 444 467 414 539 
1472 454 435 491 556 
1473 452 577 475 625 
1474 61 346 615 623 
1475 411 445 474 631 
1476 250 251 83 615 
1477 396 543 478 640 
1478 425 446 514 649 
1479 447 425 548 615 
1480 405 392 612 626 
1481 442 498 430 618 
1482 157 576 159 594 
1483 412 532 458 602 
1484 452 412 475 577 
1485 322 195 540 562 
1486 454 491 435 576 
1487 275 63 276 483 
1488 410 456 590 622 
1489 462 515 495 586 
1490 31 234 247 466 
1491 467 535 439 599 
1492 79 82 406 577 
1493 250 447 244 548 
1494 38 328 522 640 
1495 259 543 485 626 
1496 239 518 132 542 
1497 278 211 492 542 
1498 416 527 507 544 
1499 242 339 244 509 
1500 449 501 472 580 
1501 50 476 51 528 
1502 414 467 444 599 
1503 14 517 23 603 
1504 328 478 263 522 
1505 238 36 490 594 
1506 101 564 96 595 
1507 411 442 478 657 
1508 112 601 495 645 
1509 452 472 412 577 
1510 410 499 448 656 
1511 275 63 483 536 
1512 279 148 265 591 
1513 334 292 118 598 
1514 338 605 441 655 
1515 414 535 467 599 
1516 447 487 425 615 
1517 453 563 520 635 
1518 395 370 224 461 
1519 376 294 334 516 
1520 464 13 521 603 
1521 334 516 292 598 
1522 94 384 480 536 
1523 411 474 451 631 
1524 407 461 525 584 
1525 430 498 449 532 
1526 85 321 473 546 
1527 130 609 543 626 
1528 412 519 463 555 
1529 205 581 288 630 
1530 421 535 441 545 
1531 411 474 445 565 
1532 14 517 464 620 
1533 111 601 112 645 
1534 478 522 328 640 
1535 426 444 562 644 
1536 412 449 532 639 
1537 376 500 294 516 
1538 420 461 512 584 
1539 520 563 431 635 
1540 212 488 365 655 
1541 311 304 347 580 
1542 44 45 507 570 
1543 411 552 442 657 
1544 366 143 449 606 
1545 410 499 457 608 
1546 410 622 474 631 
1547 453 431 563 635 
1548 150 468 151 526 
1549 425 473 450 585 
1550 422 449 498 532 
1551 430 498 442 550 
1552 250 548 251 615 
1553 72 551 74 617 
1554 355 509 247 641 
1555 419 441 524 545 
1556 414 524 441 535 
1557 494 575 535 655 
1558 333 490 36 594 
1559 462 417 515 586 
1560 244 242 447 652 
1561 503 541 465 634 
1562 420 443 565 653 
1563 96 551 595 617 
1564 238 333 36 594 
1565 441 494 535 655 
1566 71 72 73 592 
1567 442 498 422 504 
1568 370 461 407 584 
1569 387 523 561 625 
1570 412 459 501 639 
1571 469 503 431 578 
1572 481 420 519 642 
1573 151 526 468 583 
1574 411 451 474 568 
1575 240 523 185 557 
1576 453 410 608 622 
1577 426 568 520 599 
1578 469 482 434 572 
1579 446 423 558 607 
1580 410 604 456 622 
1581 371 496 207 630 
1582 479 507 416 527 
1583 410 457 604 608 
1584 92 503 378 541 
1585 491 576 158 641 
1586 492 518 314 542 
1587 121 280 495 515 
1588 167 571 540 632 
1589 45 507 570 593 
1590 214 510 212 655 
1591 121 253 280 515 
1592 552 618 442 657 
1593 427 475 459 564 
1594 421 448 560 588 
1595 431 559 503 563 
1596 417 458 489 586 
1597 443 481 525 653 
1598 301 116 329 508 
1599 423 607 446 651 
1600 385 361 24 539 
1601 332 210 214 510 
1602 421 531 448 588 
1603 152 468 539 571 
1604 347 306 500 580 
1605 436 495 462 601 
1606 259 392 543 626 
1607 208 210 497 629 
1608 413 544 456 658 
1609 394 369 164 578 
1610 434 482 469 587 
1611 332 497 210 510 
1612 114 112 113 601 
1613 36 490 496 533 
1614 471 505 60 623 
1615 413 456 493 658 
1616 84 482 90 541 
1617 454 495 424 547 
1618 279 342 148 478 
1619 503 559 431 578 
1620 457 524 419 643 
1621 438 545 492 629 
1622 456 604 493 622 
1623 452 577 97 648 
1624 421 477 542 647 
1625 470 579 509 650 
1626 444 540 322 571 
1627 405 612 477 626 
1628 282 512 460 569 
1629 148 478 342 609 
1630 217 354 41 517 
1631 263 522 478 591 
1632 210 510 497 629 
1633 433 512 460 529 
1634 412 501 475 577 
1635 271 481 408 525 
1636 484 595 529 642 
1637 412 573 452 646 
1638 55 471 58 528 
1639 456 544 493 658 
1640 412 472 452 573 
1641 373 250 244 548 
1642 486 496 438 630 
1643 80 97 577 648 
1644 424 573 452 648 
1645 412 452 475 555 
1646 498 504 134 621 
1647 421 499 535 545 
1648 458 556 489 586 
1649 418 604 493 649 
1650 413 505 476 658 
1651 502 555 475 625 
1652 438 508 486 581 
1653 146 177 227 459 
1654 415 538 470 650 
1655 149 60 505 623 
1656 104 470 579 641 
1657 428 479 517 566 
1658 84 90 321 541 
1659 418 514 604 649 
1660 417 489 556 586 
1661 581 629 288 630 
1662 418 469 553 572 
1663 446 596 463 619 
1664 383 191 360 515 
1665 217 480 353 517 
1666 468 578 164 583 
1667 405 392 344 612 
1668 492 545 510 629 
1669 421 510 492 545 
1670 474 590 410 631 
1671 417 448 560 656 
1672 105 97 452 625 
1673 240 185 523 652 
1674 323 93 252 578 
1675 410 602 458 638 
1676 480 517 479 566 
1677 375 562 444 644 
1678 441 535 524 545 
1679 415 509 466 651 
1680 270 443 34 591 
1681 127 122 581 628 
1682 353 480 204 562 
1683 413 493 456 619 
1684 342 478 396 543 
1685 199 282 460 569 
1686 509 579 450 650 
1687 455 502 427 617 
1688 174 161 576 616 
1689 477 612 485 626 
1690 451 531 421 535 
1691 452 475 555 625 
1692 127 598 122 628 
1693 480 540 231 562 
1694 278 492 314 542 
1695 499 535 524 608 
1696 499 524 457 608 
1697 425 514 473 649 
1698 147 130 543 626 
1699 414 494 468 539 
1700 155 470 104 641 
1701 420 525 481 653 
1702 181 454 180 576 
1703 439 599 521 624 
1704 508 560 437 581 
1705 79 475 82 577 
1706 130 504 131 609 
1707 301 329 383 508 
1708 406 501 382 577 
1709 421 542 488 647 
1710 442 430 550 618 
1711 444 539 198 644 
1712 38 522 464 640 
1713 257 485 521 612 
1714 438 492 545 560 
1715 415 447 509 651 
1716 106 534 309 557 
1717 599 614 521 624 
1718 45 570 289 593 
1719 155 579 470 627 
1720 464 478 411 640 
1721 429 503 559 563 
1722 411 464 485 568 
1723 149 505 298 623 
1724 411 485 478 543 
1725 416 507 483 544 
1726 347 304 306 580 
1727 434 506 524 643 
1728 77 564 475 617 
1729 415 511 466 556 
1730 466 511 424 556 
1731 260 342 396 543 
1732 306 305 379 449 
1733 440 552 504 609 
1734 434 524 572 643 
1735 309 547 349 557 
1736 410 463 590 619 
1737 134 138 498 621 
1738 504 552 442 609 
1739 493 574 465 649 
1740 418 482 469 572 
1741 56 528 58 567 
1742 75 77 76 617 
1743 492 437 560 581 
1744 196 460 199 595 
1745 513 533 506 643 
1746 191 383 312 486 
1747 415 491 466 509 
1748 257 485 32 521 
1749 230 389 281 505 
1750 256 612 521 624 
1751 258 261 32 640 
1752 256 257 521 612 
1753 360 308 253 515 
1754 426 562 614 644 
1755 558 596 446 619 
1756 410 590 456 619 
1757 421 545 492 560 
1758 408 481 225 584 
1759 170 296 528 597 
1760 415 466 491 556 
1761 114 115 462 601 
1762 411 478 464 657 
1763 56 59 170 567 
1764 83 487 70 561 
1765 426 480 520 566 
1766 262 328 263 522 
1767 457 514 432 650 
1768 412 519 459 639 
1769 436 500 462 530 
1770 478 543 342 609 
1771 430 459 554 633 
1772 73 72 74 617 
1773 419 506 533 643 
1774 85 321 162 473 
1775 423 446 511 651 
1776 13 464 14 603 
1777 425 471 487 558 
1778 293 516 504 589 
1779 470 490 432 538 
1780 116 114 115 462 
1781 371 497 235 533 
1782 366 379 305 449 
1783 174 308 191 486 
1784 429 483 544 563 
1785 416 544 483 563 
1786 195 231 540 562 
1787 493 563 544 622 
1788 224 370 407 584 
1789 427 551 460 596 
1790 200 199 460 569 
1791 369 164 578 583 
1792 99 102 450 654 
1793 418 465 503 541 
1794 276 483 549 636 
1795 372 491 234 547 
1796 198 539 444 571 
1797 60 58 55 471 
1798 306 305 449 580 
1799 517 610 428 620 
1800 416 520 480 566 
1801 446 425 558 574 
1802 370 461 272 525 
1803 105 452 97 648 
1804 487 615 346 623 
1805 410 448 499 631 
1806 100 96 551 595 
1807 434 553 469 572 
1808 93 172 92 503 
1809 478 485 411 640 
1810 211 492 510 629 
1811 162 85 473 654 
1812 152 164 468 571 
1813 442 504 422 552 
1814 242 31 355 509 
1815 275 380 63 536 
1816 200 199 196 460 
1817 387 561 95 592 
1818 430 550 481 633 
1819 282 460 512 595 
1820 412 472 501 577 
1821 375 444 198 644 
1822 424 534 573 648 
1823 131 293 504 589 
1824 470 415 509 641 
1825 294 500 376 621 
1826 457 432 538 650 
1827 4 25 513 637 
1828 470 491 415 641 
1829 443 550 430 618 
1830 410 613 463 619 
1831 232 454 181 547 
1832 417 556 454 586 
1833 237 496 371 533 
1834 469 482 418 541 
1835 326 387 592 625 
1836 465 567 170 634 
1837 14 254 517 620 
1838 3 4 513 533 
1839 52 53 528 597 
1840 418 453 493 604 
1841 218 93 469 578 
1842 198 444 322 571 
1843 271 401 481 633 
1844 197 483 182 632 
1845 432 490 470 627 
1846 197 540 483 632 
1847 85 546 473 654 
1848 410 499 608 631 
1849 179 225 484 584 
1850 343 44 63 536 
1851 108 309 106 534 
1852 187 496 367 616 
1853 167 322 540 571 
1854 429 597 549 636 
1855 420 512 484 584 
1856 424 511 458 556 
1857 440 543 609 626 
1858 331 162 357 634 
1859 110 495 135 534 
1860 472 534 302 648 
1861 410 456 604 619 
1862 518 589 129 626 
1863 436 534 573 586 
1864 479 480 416 536 
1865 450 509 415 607 
1866 436 500 449 580 
1867 529 595 427 642 
1868 260 485 259 543 
1869 102 548 450 654 
1870 322 198 375 444 
1871 412 452 555 646 
1872 461 570 226 610 
1873 423 592 561 625 
1874 340 390 550 591 
1875 187 175 186 616 
1876 417 489 458 656 
1877 408 525 481 584 
1878 116 462 115 598 
1879 439 485 477 612 
1880 493 544 456 622 
1881 323 172 93 503 
1882 436 530 462 586 
1883 434 513 506 643 
1884 372 491 181 576 
1885 451 608 499 631 
1886 44 507 63 536 
1887 394 218 369 578 
1888 485 521 464 640 
1889 201 170 567 634 
1890 474 590 456 622 
1891 496 533 497 630 
1892 134 504 137 609 
1893 494 605 8 655 
1894 421 477 518 542 
1895 454 515 417 586 
1896 433 512 461 570 
1897 282 199 460 595 
1898 80 97 78 577 
1899 427 475 502 555 
1900 253 180 232 454 
1901 205 288 206 630 
1902 196 199 153 595 
1903 366 554 287 606 
1904 155 104 470 579 
1905 107 302 534 648 
1906 415 466 511 651 
1907 462 500 436 601 
1908 234 466 240 547 
1909 40 42 479 570 
1910 218 369 578 583 
1911 426 562 517 603 
1912 89 274 364 587 
1913 464 521 485 568 
1914 63 507 46 549 
1915 151 150 152 468 
1916 406 382 81 577 
1917 447 509 450 607 
1918 286 287 366 554 
1919 69 455 72 592 
1920 7 8 605 655 
1921 7 8 494 605 
1922 49 54 230 569 
1923 430 459 519 639 
1924 448 530 458 656 
1925 365 212 215 488 
1926 490 496 435 594 
1927 105 557 452 648 
1928 251 250 373 548 
1929 26 526 506 605 
1930 494 526 267 605 
1931 411 568 474 611 
1932 489 613 458 656 
1933 521 599 426 614 
1934 84 482 546 600 
1935 349 234 240 547 
1936 38 328 262 522 
1937 480 517 426 562 
1938 493 604 453 622 
1939 219 503 559 597 
1940 94 384 217 480 
1941 78 475 79 577 
1942 119 122 127 598 
1943 418 514 457 604 
1944 180 181 232 454 
1945 427 502 475 617 
1946 425 450 548 585 
1947 69 298 72 455 
1948 438 560 508 581 
1949 418 465 541 649 
1950 302 534 472 645 
1951 436 495 534 586 
1952 442 618 591 657 
1953 506 526 26 637 
1954 491 509 415 641 
1955 516 588 504 589 
1956 439 568 521 599 
1957 290 543 130 609 
1958 290 147 130 543 
1959 32 257 258 485 
1960 183 484 512 584 
1961 225 481 227 484 
1962 424 452 557 648 
1963 247 234 372 491 
1964 480 416 536 540 
1965 126 131 130 589 
1966 444 539 414 635 
1967 442 543 478 609 
1968 49 230 476 569 
1969 485 543 260 640 
1970 417 458 530 656 
1971 218 578 469 583 
1972 477 518 132 626 
1973 331 585 162 634 
1974 211 277 492 629 
1975 99 546 88 654 
1976 415 446 511 613 
1977 452 555 423 625 
1978 49 476 50 549 
1979 84 546 67 600 
1980 411 552 445 631 
1981 410 604 453 608 
1982 449 498 430 606 
1983 372 181 491 547 
1984 77 79 78 475 
1985 39 461 226 610 
1986 528 567 465 574 
1987 99 579 546 654 
1988 499 545 421 560 
1989 123 589 518 628 
1990 291 564 77 617 
1991 437 516 462 598 
1992 411 451 531 631 
1993 464 411 485 640 
1994 160 372 181 576 
1995 450 585 473 654 
1996 471 567 528 574 
1997 124 589 123 628 
1998 424 556 458 586 
1999 427 564 595 617 
2000 19 3 513 627 
2001 466 509 447 651 
2002 435 594 496 616 
2003 218 93 91 469 
2004 395 224 228 512 
2005 155 104 156 641 
2006 407 370 272 525 
2007 467 494 414 539 
2008 152 165 164 571 
2009 453 604 457 608 
2010 368 355 247 641 
2011 427 564 484 595 
2012 419 506 497 533 
2013 99 450 579 654 
2014 474 565 527 590 
2015 410 631 602 638 
2016 483 536 416 540 
2017 463 446 613 646 
2018 200 393 199 569 
2019 20 272 2 525 
2020 36 496 237 533 
2021 302 472 580 645 
2022 460 427 529 595 
2023 420 484 481 584 
2024 414 444 520 599 
2025 420 527 565 590 
2026 398 395 228 512 
2027 14 254 23 517 
2028 346 313 61 615 
2029 419 524 506 643 
2030 486 576 435 616 
2031 384 255 231 536 
2032 468 571 164 578 
2033 39 370 226 461 
2034 462 417 508 515 
2035 284 227 177 459 
2036 424 495 454 586 
2037 135 232 233 547 
2038 379 143 316 606 
2039 423 455 558 592 
2040 40 226 570 610 
2041 418 482 473 541 
2042 384 231 480 536 
2043 157 158 159 641 
2044 423 558 487 592 
2045 493 574 446 619 
2046 442 591 478 657 
2047 104 99 317 579 
2048 466 547 491 556 
2049 196 551 460 595 
2050 426 520 444 599 
2051 45 87 289 570 
2052 188 270 264 550 
2053 358 307 81 577 
2054 207 371 237 496 
2055 99 86 88 546 
2056 70 592 487 623 
2057 294 516 500 621 
2058 410 602 463 613 
2059 478 543 485 640 
2060 445 565 519 618 
2061 271 188 401 633 
2062 52 50 51 528 
2063 408 403 225 481 
2064 398 512 350 569 
2065 381 549 53 636 
2066 43 44 42 570 
2067 450 415 509 650 
2068 414 520 444 635 
2069 13 261 14 464 
2070 446 425 514 607 
2071 100 101 96 595 
2072 425 471 558 574 
2073 345 612 256 624 
2074 275 197 380 536 
2075 34 522 263 591 
2076 70 561 487 592 
2077 434 469 583 587 
2078 40 43 42 570 
2079 5 269 35 506 
2080 451 499 448 631 
2081 125 518 123 589 
2082 416 480 479 566 
2083 129 126 130 589 
2084 469 418 503 541 
2085 458 556 511 613 
2086 465 429 528 658 
2087 455 427 551 617 
2088 201 170 59 567 
2089 69 298 455 623 
2090 489 537 499 656 
2091 49 569 476 593 
2092 326 592 502 625 
2093 433 527 456 544 
2094 40 570 479 610 
2095 45 46 507 593 
2096 454 495 515 586 
2097 418 473 514 649 
2098 426 521 464 568 
2099 471 413 574 658 
2100 420 481 525 584 
2101 493 604 456 619 
2102 521 568 426 599 
2103 182 483 559 632 
2104 446 574 558 619 
2105 458 489 556 613 
2106 481 484 420 642 
2107 110 135 108 534 
2108 421 518 492 542 
2109 467 614 599 624 
2110 46 44 45 507 
2111 423 555 502 625 
2112 438 496 486 537 
2113 425 487 471 615 
2114 134 163 138 621 
2115 237 36 333 496 
2116 83 248 250 561 
2117 82 352 283 564 
2118 57 526 151 583 
2119 520 599 451 608 
2120 53 381 50 549 
2121 414 553 524 608 
2122 278 211 277 492 
2123 504 516 422 588 
2124 487 558 455 592 
2125 70 487 68 623 
2126 54 569 49 593 
2127 440 504 552 588 
2128 413 529 460 596 
2129 440 504 588 589 
2130 314 518 492 628 
2131 214 212 365 655 
2132 446 607 511 651 
2133 411 531 552 631 
2134 16 522 34 582 
2135 572 587 513 600 
2136 213 510 211 542 
2137 498 550 430 606 
2138 432 514 457 572 
2139 410 453 604 622 
2140 466 424 547 556 
2141 162 585 473 634 
2142 340 390 139 550 
2143 423 561 447 651 
2144 179 484 183 584 
2145 443 653 522 657 
2146 154 512 484 595 
2147 182 483 194 559 
2148 460 529 427 596 
2149 427 595 551 617 
2150 86 546 99 579 
2151 197 536 483 540 
2152 358 472 307 577 
2153 275 483 276 636 
2154 522 653 428 657 
2155 431 553 453 563 
2156 417 462 530 586 
2157 132 300 310 477 
2158 314 492 128 628 
2159 439 488 535 575 
2160 443 582 522 653 
2161 378 92 172 503 
2162 430 519 445 532 
2163 14 261 38 464 
2164 465 567 585 649 
2165 151 468 164 583 
2166 300 477 132 626 
2167 68 487 346 623 
2168 312 397 205 581 
2169 204 480 231 562 
2170 272 582 461 610 
2171 437 581 492 628 
2172 349 240 184 557 
2173 272 525 461 582 
2174 2 270 271 525 
2175 420 461 584 653 
2176 420 456 527 590 
2177 403 408 271 481 
2178 437 560 448 588 
2179 217 204 353 480 
2180 282 350 512 569 
2181 410 445 590 602 
2182 459 564 484 642 
2183 423 502 592 625 
2184 422 552 504 588 
2185 424 573 534 586 
2186 447 415 509 607 
2187 176 284 337 564 
2188 428 527 474 653 
2189 453 563 493 622 
2190 250 243 447 561 
2191 425 450 514 607 
2192 511 613 446 646 
2193 402 612 345 624 
2194 445 519 430 618 
2195 478 522 464 657 
2196 415 511 446 607 
2197 445 410 590 631 
2198 320 546 579 627 
2199 114 113 115 601 
2200 187 367 175 616 
2201 337 96 101 564 
2202 149 362 298 505 
2203 233 309 135 547 
2204 19 330 3 627 
2205 410 445 602 631 
2206 433 461 527 570 
2207 480 536 231 540 
2208 476 549 49 593 
2209 585 634 465 649 
2210 417 530 448 656 
2211 178 459 177 554 
2212 411 464 568 611 
2213 293 335 504 516 
2214 530 532 422 638 
2215 24 539 467 644 
2216 474 527 456 590 
2217 522 582 428 653 
2218 453 608 520 622 
2219 423 558 455 596 
2220 203 494 361 539 
2221 353 562 192 603 
2222 469 553 468 578 
2223 36 236 3 533 
2224 410 590 463 602 
2225 446 463 613 619 
2226 34 262 263 522 
2227 425 446 558 607 
2228 23 13 14 603 
2229 417 560 537 656 
2230 258 485 260 640 
2231 60 281 149 505 
2232 149 62 60 623 
2233 458 602 532 638 
2234 429 559 483 563 
2235 470 509 415 650 
2236 414 453 520 635 
2237 423 561 523 625 
2238 455 423 502 592 
2239 490 533 513 643 
2240 486 537 496 616 
2241 132 518 129 626 
2242 457 514 418 572 
2243 417 486 508 515 
2244 230 393 200 569 
2245 518 588 437 589 
2246 535 568 439 599 
2247 288 629 206 630 
2248 320 600 546 627 
2249 105 523 246 625 
2250 275 483 197 536 
2251 457 410 604 613 
2252 38 464 261 640 
2253 461 428 527 610 
2254 490 538 470 594 
2255 444 540 480 562 
2256 226 461 395 570 
2257 129 518 125 589 
2258 125 123 124 589 
2259 248 83 70 561 
2260 486 435 537 616 
2261 36 3 490 533 
2262 310 542 477 647 
2263 5 269 506 533 
2264 479 527 428 610 
2265 133 130 131 609 
2266 535 575 488 655 
2267 591 618 443 657 
2268 484 564 427 642 
2269 428 474 565 653 
2270 604 613 410 619 
2271 429 503 465 597 
2272 452 423 523 625 
2273 128 314 278 492 
2274 451 535 499 608 
2275 425 548 450 607 
2276 183 484 154 512 
2277 479 416 507 536 
2278 580 601 311 645 
2279 447 509 466 652 
2280 482 587 572 600 
2281 278 213 211 542 
2282 449 430 554 606 
2283 506 526 524 605 
2284 465 528 429 597 
2285 286 501 178 554 
2286 435 470 538 594 
2287 7 494 267 605 
2288 465 585 567 634 
2289 195 204 231 562 
2290 340 265 390 591 
2291 496 537 435 616 
2292 258 259 260 485 
2293 449 554 430 639 
2294 140 139 138 498 
2295 57 150 151 526 
2296 471 615 487 623 
2297 420 584 525 653 
2298 314 518 239 542 
2299 146 227 403 481 
2300 464 517 426 611 
2301 424 557 534 648 
2302 419 499 537 545 
2303 419 496 490 533 
2304 119 127 508 598 
2305 163 498 138 621 
2306 473 541 321 634 
2307 364 274 583 587 
2308 414 553 453 635 
2309 419 524 499 545 
2310 430 532 445 618 
2311 299 362 196 551 
2312 244 447 243 652 
2313 461 527 479 610 
2314 257 344 259 612 
2315 272 461 39 610 
2316 424 534 495 586 
2317 70 69 592 623 
2318 367 496 187 630 
2319 464 522 478 640 
2320 428 464 522 611 
2321 390 148 137 609 
2322 456 527 416 544 
2323 319 548 102 654 
2324 424 454 556 586 
2325 437 508 581 628 
2326 446 613 604 619 
2327 540 571 431 632 
2328 448 531 451 631 
2329 172 503 323 559 
2330 325 198 539 644 
2331 471 574 528 658 
2332 527 565 474 653 
2333 259 392 386 543 
2334 157 594 470 641 
2335 121 114 301 515 
2336 63 46 276 549 
2337 84 89 90 482 
2338 275 194 483 636 
2339 440 588 518 589 
2340 257 259 485 612 
2341 525 584 461 653 
2342 458 530 448 638 
2343 415 450 607 650 
2344 219 503 172 559 
2345 451 568 535 599 
2346 199 350 282 569 
2347 116 115 118 598 
2348 488 421 510 542 
2349 332 208 210 497 
2350 141 550 606 633 
2351 411 474 565 657 
2352 426 568 464 611 
2353 31 240 234 466 
2354 323 377 559 578 
2355 307 472 302 648 
2356 169 167 540 632 
2357 429 476 528 658 
2358 218 252 93 578 
2359 35 235 332 497 
2360 419 533 490 643 
2361 243 447 561 652 
2362 364 218 91 469 
2363 415 607 447 651 
2364 208 629 497 630 
2365 465 634 541 649 
2366 414 520 453 608 
2367 496 497 438 630 
2368 42 94 41 479 
2369 462 508 437 598 
2370 438 629 581 630 
2371 56 58 59 567 
2372 267 7 8 494 
2373 225 403 227 481 
2374 431 468 553 578 
2375 98 105 97 648 
2376 459 430 554 639 
2377 395 226 370 461 
2378 50 49 51 476 
2379 164 151 152 468 
2380 71 69 72 592 
2381 483 507 416 536 
2382 109 534 302 645 
2383 487 558 471 623 
2384 414 453 553 608 
2385 483 540 431 632 
2386 420 527 461 653 
2387 413 456 529 619 
2388 80 98 97 648 
2389 419 497 496 533 
2390 341 492 581 628 
2391 479 527 461 570 
2392 18 603 562 614 
2393 431 453 553 635 
2394 460 512 433 569 
2395 425 585 567 649 
2396 170 296 56 528 
2397 341 128 492 628 
2398 432 572 513 600 
2399 414 599 520 608 
2400 537 560 545 656 
2401 149 298 62 623 
2402 513 572 434 587 
2403 445 590 474 631 
2404 116 329 508 598 
2405 18 268 192 603 
2406 411 531 451 568 
2407 428 527 479 566 
2408 356 378 297 634 
2409 429 476 544 549 
2410 544 549 476 593 
2411 329 312 383 508 
2412 537 545 499 656 
2413 94 255 384 536 
2414 107 302 109 534 
2415 371 235 269 533 
2416 1 594 490 627 
2417 272 370 39 461 
2418 377 559 578 632 
2419 278 314 239 542 
2420 215 488 542 647 
2421 364 218 469 583 
2422 18 192 562 603 
2423 111 113 112 601 
2424 426 517 464 603 
2425 428 517 464 611 
2426 60 61 471 623 
2427 466 547 424 557 
2428 448 552 531 631 
2429 245 387 523 561 
2430 416 479 527 566 
2431 170 465 297 597 
2432 464 517 428 620 
2433 438 492 560 581 
2434 386 260 259 543 
2435 492 510 421 542 
2436 161 180 308 576 
2437 414 539 468 635 
2438 506 524 441 605 
2439 324 539 198 571 
2440 208 209 210 629 
2441 277 341 128 492 
2442 425 447 548 607 
2443 41 40 479 610 
2444 77 82 79 475 
2445 521 612 439 624 
2446 427 455 551 596 
2447 474 566 520 622 
2448 438 497 545 629 
2449 197 275 182 483 
2450 69 455 592 623 
2451 286 285 178 501 
2452 271 408 2 525 
2453 21 267 526 605 
2454 510 545 497 629 
2455 293 335 131 504 
2456 341 492 277 581 
2457 472 452 573 648 
2458 513 627 490 643 
2459 414 524 535 608 
2460 250 243 244 447 
2461 391 354 217 517 
2462 200 362 389 505 
2463 432 627 513 643 
2464 297 378 172 503 
2465 432 490 627 643 
2466 26 506 6 605 
2467 49 230 51 476 
2468 464 428 522 620 
2469 450 579 546 650 
2470 413 558 471 574 
2471 435 538 490 594 
2472 429 483 559 636 
2473 26 21 526 605 
2474 526 583 57 637 
2475 417 530 458 586 
2476 342 279 396 478 
2477 256 345 257 612 
2478 37 402 345 624 
2479 450 548 447 607 
2480 280 112 121 495 
2481 432 546 579 650 
2482 182 194 193 559 
2483 541 634 473 649 
2484 429 544 476 658 
2485 469 578 468 583 
2486 485 521 439 568 
2487 244 243 242 652 
2488 448 552 631 638 
2489 412 458 573 646 
2490 438 545 537 560 
2491 84 66 482 600 
2492 70 83 68 487 
2493 41 40 42 479 
2494 64 587 513 637 
2495 439 575 467 624 
2496 463 613 602 646 
2497 282 153 199 595 
2498 70 68 69 623 
2499 170 297 465 634 
2500 346 487 83 615 
2501 68 83 346 487 
2502 506 513 434 637 
2503 399 316 163 498 
2504 326 387 95 592 
2505 76 78 273 625 
2506 306 399 348 621 
2507 527 566 474 622 
2508 61 68 346 623 
2509 310 300 405 477 
2510 476 433 544 593 
2511 519 565 445 590 
2512 203 361 385 539 
2513 435 489 537 538 
2514 35 6 506 605 
2515 412 602 458 646 
2516 306 348 500 621 
2517 133 131 504 609 
2518 465 528 574 658 
2519 201 567 585 634 
2520 102 319 359 548 
2521 439 521 485 612 
2522 410 458 602 613 
2523 429 549 483 636 
2524 473 634 585 649 
2525 369 151 164 583 
2526 107 307 302 648 
2527 124 292 293 516 
2528 333 367 496 616 
2529 439 467 599 624 
2530 297 503 172 597 
2531 477 612 405 647 
2532 134 137 133 609 
2533 441 535 488 655 
2534 27 614 467 624 
2535 459 427 564 642 
2536 76 502 73 617 
2537 420 565 527 653 
2538 145 554 177 633 
2539 377 578 166 632 
2540 416 566 527 622 
2541 530 573 458 586 
2542 463 590 529 642 
2543 310 477 405 647 
2544 442 550 591 618 
2545 60 61 58 471 
2546 186 191 312 486 
2547 124 516 293 589 
2548 434 524 506 526 
2549 411 611 474 657 
2550 283 177 178 459 
2551 24 325 385 539 
2552 179 154 183 484 
2553 186 174 486 616 
2554 495 601 436 645 
2555 468 553 414 635 
2556 500 580 436 601 
2557 422 500 516 621 
2558 413 558 574 619 
2559 92 90 91 541 
2560 194 559 483 636 
2561 418 541 473 649 
2562 136 302 580 645 
2563 454 547 424 556 
2564 182 559 193 632 
2565 495 534 110 645 
2566 263 328 279 478 
2567 196 100 551 595 
2568 504 516 335 621 
2569 106 534 557 648 
2570 426 464 521 603 
2571 468 553 469 583 
2572 120 124 123 628 
2573 440 589 518 626 
2574 170 356 297 634 
2575 436 534 472 573 
2576 406 285 382 501 
2577 48 49 549 593 
2578 271 401 403 481 
2579 422 516 504 621 
2580 257 32 256 521 
2581 426 517 480 566 
2582 267 361 203 494 
2583 482 434 572 587 
2584 456 416 527 622 
2585 428 611 522 657 
2586 420 565 519 590 
2587 419 538 457 643 
2588 456 420 529 590 
2589 432 457 538 643 
2590 270 34 264 591 
2591 432 513 572 643 
2592 49 50 48 549 
2593 432 470 538 650 
2594 75 76 73 617 
2595 490 594 470 627 
2596 411 464 611 657 
2597 399 498 163 621 
2598 454 491 547 556 
2599 240 185 184 557 
2600 398 282 350 512 
2601 507 549 544 593 
2602 125 129 132 518 
2603 448 499 560 656 
2604 191 186 174 486 
2605 5 506 4 533 
2606 431 553 469 578 
2607 412 463 519 602 
2608 576 594 435 616 
2609 302 307 358 472 
2610 160 181 180 576 
2611 427 463 529 642 
2612 372 234 181 547 
2613 429 559 503 636 
2614 162 473 585 654 
2615 333 594 295 616 
2616 291 77 75 617 
2617 416 563 520 622 
2618 520 563 453 622 
2619 89 482 66 587 
2620 472 534 436 645 
2621 353 204 192 562 
2622 286 363 382 501 
2623 1 490 3 627 
2624 208 497 235 630 
2625 312 508 127 581 
2626 545 560 499 656 
2627 57 583 171 637 
2628 443 591 550 618 
2629 455 558 413 596 
2630 219 597 559 636 
2631 437 588 516 589 
2632 320 546 86 579 
2633 52 296 53 597 
2634 319 585 548 654 
2635 236 237 371 533 
2636 76 326 502 625 
2637 436 573 530 586 
2638 488 510 441 655 
2639 388 488 575 655 
2640 217 384 204 480 
2641 441 497 510 545 
2642 105 246 97 625 
2643 359 373 244 548 
2644 198 322 167 571 
2645 279 263 478 591 
2646 517 566 426 611 
2647 227 284 176 484 
2648 429 503 597 636 
2649 37 266 402 624 
2650 215 542 216 647 
2651 492 518 437 628 
2652 424 458 573 586 
2653 456 544 416 622 
2654 317 339 189 509 
2655 463 519 590 642 
2656 531 552 448 588 
2657 386 543 392 626 
2658 56 55 58 528 
2659 522 611 464 657 
2660 461 527 428 653 
2661 428 474 527 566 
2662 449 430 532 639 
2663 141 606 142 633 
2664 309 349 184 557 
2665 483 559 431 563 
2666 136 580 311 645 
2667 238 490 1 594 
2668 53 597 400 636 
2669 46 549 507 593 
2670 52 528 296 597 
2671 27 467 10 624 
2672 396 478 328 640 
2673 530 588 448 638 
2674 72 299 74 551 
2675 240 241 185 652 
2676 310 216 542 647 
2677 39 226 40 610 
2678 425 471 567 615 
2679 282 512 154 595 
2680 84 67 66 600 
2681 169 167 322 540 
2682 484 427 595 642 
2683 76 273 326 625 
2684 16 34 17 582 
2685 427 529 463 596 
2686 222 315 155 627 
2687 319 318 409 585 
2688 157 155 470 594 
2689 212 211 213 510 
2690 487 561 423 592 
2691 319 318 585 654 
2692 448 588 552 638 
2693 473 546 450 654 
2694 323 252 377 578 
2695 231 536 197 540 
2696 348 376 500 621 
2697 255 197 231 536 
2698 548 585 450 654 
2699 275 276 194 636 
2700 437 598 508 628 
2701 134 133 504 609 
2702 239 314 132 518 
2703 136 302 303 580 
2704 422 588 530 638 
2705 221 405 612 647 
2706 449 501 554 639 
2707 518 589 437 628 
2708 427 460 551 595 
2709 498 422 504 621 
2710 348 294 376 621 
2711 185 523 105 557 
2712 38 262 15 522 
2713 327 381 53 636 
2714 322 195 231 540 
2715 277 581 492 629 
2716 166 578 571 632 
2717 24 325 539 644 
2718 196 153 100 595 
2719 100 96 74 551 
2720 300 405 477 626 
2721 215 220 388 488 
2722 366 287 143 606 
2723 210 212 214 510 
2724 168 377 166 632 
2725 237 333 367 496 
2726 182 275 194 483 
2727 544 563 416 622 
2728 434 572 513 643 
2729 8 575 494 655 
2730 173 576 161 616 
2731 310 216 239 542 
2732 116 119 329 598 
2733 432 579 546 627 
2734 432 572 457 643 
2735 166 164 571 578 
2736 152 203 324 539 
2737 297 172 351 597 
2738 445 631 552 638 
2739 429 544 493 563 
2740 117 347 376 500 
2741 3 4 19 513 
2742 222 594 1 627 
2743 403 401 146 481 
2744 301 383 360 515 
2745 36 237 236 533 
2746 74 551 96 617 
2747 559 597 503 636 
2748 208 206 209 629 
2749 436 534 495 645 
2750 215 213 216 542 
2751 432 546 600 627 
2752 367 207 496 630 
2753 64 513 587 600 
2754 463 555 427 596 
2755 22 29 28 582 
2756 183 512 224 584 
2757 469 553 434 583 
2758 221 310 405 647 
2759 210 211 510 629 
2760 7 249 8 655 
2761 119 508 329 598 
2762 353 192 268 603 
2763 397 288 205 581 
2764 468 526 434 583 
2765 257 259 258 485 
2766 10 467 575 624 
2767 415 511 607 651 
2768 225 227 179 484 
2769 391 517 254 620 
2770 12 521 13 603 
2771 447 466 651 652 
2772 432 470 579 627 
2773 440 518 477 626 
2774 412 555 463 646 
2775 408 407 525 584 
2776 367 207 237 496 
2777 208 206 629 630 
2778 27 24 10 467 
2779 455 558 487 623 
2780 472 573 534 648 
2781 64 19 513 600 
2782 374 585 202 615 
2783 407 20 408 525 
2784 12 32 13 521 
2785 391 217 353 517 
2786 46 63 44 507 
2787 360 253 121 515 
2788 407 272 20 525 
2789 325 198 324 539 
2790 24 467 27 644 
2791 154 484 176 595 
2792 169 540 197 632 
2793 171 583 274 587 
2794 149 281 389 505 
2795 280 135 110 495 
2796 353 23 517 603 
2797 321 541 190 634 
2798 468 434 553 583 
2799 306 304 305 580 
2800 507 544 433 593 
2801 456 527 474 622 
2802 355 339 242 509 
2803 84 85 67 546 
2804 11 256 521 624 
2805 21 7 267 605 
2806 364 369 218 583 
2807 84 66 89 482 
2808 219 172 323 559 
2809 131 126 293 589 
2810 347 500 117 601 
2811 388 575 33 655 
2812 208 235 207 630 
2813 468 431 571 578 
2814 309 233 349 547 
2815 388 365 488 655 
2816 210 209 211 629 
2817 11 256 12 521 
2818 467 539 444 644 
2819 375 198 325 644 
2820 136 304 311 580 
2821 12 11 521 614 
2822 404 374 202 615 
2823 26 6 21 605 
2824 215 388 365 488 
2825 348 347 306 500 
2826 335 516 294 621 
2827 173 333 295 616 
2828 412 463 602 646 
2829 29 582 22 610 
2830 445 565 474 590 
2831 312 127 397 581 
2832 324 198 165 571 
2833 202 201 567 585 
2834 169 197 182 632 
2835 307 577 472 648 
2836 60 62 61 623 
2837 27 11 614 624 
2838 472 436 580 645 
2839 521 614 11 624 
2840 432 482 572 600 
2841 391 354 517 620 
2842 334 294 292 516 
2843 44 43 45 570 
2844 166 571 167 632 
2845 228 224 183 512 
2846 427 475 564 617 
2847 66 587 482 600 
2848 432 538 490 643 
2849 419 490 538 643 
2850 428 566 517 611 
2851 279 328 396 478 
2852 267 150 21 526 
2853 5 4 269 533 
2854 146 145 177 633 
2855 95 561 70 592 
2856 204 384 231 480 
2857 320 579 103 627 
2858 249 338 214 655 
2859 64 513 25 637 
2860 355 368 189 641 
2861 188 550 141 633 
2862 40 226 43 570 
2863 146 481 401 633 
2864 134 133 131 504 
2865 7 605 249 655 
2866 430 606 550 633 
2867 329 127 312 508 
2868 316 138 163 498 
2869 288 581 277 629 
2870 262 34 16 522 
2871 155 103 104 579 
2872 425 567 471 574 
2873 201 585 331 634 
2874 64 65 19 600 
2875 420 529 590 642 
2876 220 488 215 647 
2877 15 522 16 620 
2878 37 345 256 624 
2879 23 254 391 517 
2880 316 140 498 606 
2881 417 537 489 656 
2882 12 268 18 603 
2883 277 128 278 492 
2884 343 255 94 536 
2885 190 541 378 634 
2886 422 552 588 638 
2887 99 88 102 654 
2888 316 140 138 498 
2889 233 232 181 547 
2890 105 106 557 648 
2891 305 303 363 580 
2892 293 294 335 516 
2893 202 585 567 615 
2894 110 534 109 645 
2895 123 518 314 628 
2896 106 107 108 534 
2897 429 493 544 658 
2898 174 173 161 616 
2899 436 601 580 645 
2900 375 30 562 644 
2901 107 534 106 648 
2902 428 610 461 653 
2903 5 35 6 506 
2904 413 574 493 619 
2905 338 249 605 655 
2906 166 167 168 632 
2907 67 546 320 600 
2908 12 603 18 614 
2909 341 581 122 628 
2910 283 284 177 459 
2911 431 553 468 635 
2912 415 607 514 650 
2913 377 193 559 632 
2914 446 604 493 619 
2915 286 178 287 554 
2916 245 95 387 561 
2917 341 277 288 581 
2918 238 295 333 594 
2919 520 566 416 622 
2920 57 171 229 637 
2921 428 653 565 657 
2922 441 605 494 655 
2923 548 585 374 615 
2924 54 289 569 593 
2925 433 570 507 593 
2926 29 610 354 620 
2927 355 189 509 641 
2928 602 631 445 638 
2929 319 102 318 654 
2930 142 606 554 633 
2931 433 476 569 593 
2932 145 142 554 633 
2933 474 566 428 611 
2934 434 526 506 637 
2935 141 142 144 633 
2936 4 3 236 533 
2937 336 328 38 640 
2938 162 585 331 654 
2939 195 375 30 562 
2940 327 53 400 636 
2941 434 583 526 637 
2942 602 613 458 646 
2943 361 267 8 494 
2944 1 3 330 627 
2945 179 176 154 484 
2946 391 353 23 517 
2947 126 129 125 589 
2948 119 127 329 508 
2949 374 251 548 615 
2950 479 570 461 610 
2951 73 76 326 502 
2952 125 314 123 518 
2953 10 575 266 624 
2954 27 10 11 624 
2955 432 546 482 600 
2956 246 523 387 625 
2957 16 522 582 620 
2958 396 328 336 640 
2959 238 36 1 490 
2960 52 51 55 528 
2961 17 270 2 525 
2962 391 254 354 620 
2963 389 362 149 505 
2964 432 579 470 650 
2965 473 585 425 649 
2966 8 33 575 655 
2967 15 254 14 620 
2968 63 380 343 536 
2969 250 248 243 561 
2970 208 332 235 497 
2971 247 491 158 641 
2972 282 183 154 512 
2973 320 86 103 579 
2974 101 154 176 595 
2975 468 571 431 635 
2976 404 202 567 615 
2977 109 110 108 534 
2978 546 579 450 654 
2979 342 543 290 609 
2980 144 188 141 633 
2981 122 598 120 628 
2982 12 521 603 614 
2983 171 274 229 587 
2984 110 112 280 495 
2985 15 262 16 522 
2986 342 260 386 543 
2987 80 577 307 648 
2988 443 525 582 653 
2989 165 166 164 571 
2990 157 222 155 594 
2991 1 36 3 490 
2992 105 185 246 523 
2993 346 83 251 615 
2994 478 591 522 657 
2995 374 251 373 548 
2996 408 223 407 584 
2997 78 97 273 625 
2998 364 274 171 583 
2999 285 286 382 501 
3000 82 291 352 564 
3001 467 614 27 644 
3002 48 549 46 593 
3003 357 321 190 634 
3004 483 431 559 632 
3005 5 6 26 506 
3006 129 130 147 626 
3007 477 439 612 647 
3008 247 158 368 641 
3009 26 5 506 637 
3010 413 529 596 619 
3011 67 86 320 546 
3012 28 29 354 620 
3013 54 47 289 593 
3014 347 348 376 500 
3015 461 582 525 653 
3016 497 629 438 630 
3017 105 98 106 648 
3018 170 297 296 597 
3019 120 118 292 598 
3020 432 600 513 627 
3021 186 175 174 616 
3022 120 122 119 598 
3023 47 54 49 593 
3024 222 238 1 594 
3025 522 591 443 657 
3026 18 562 30 614 
3027 31 242 241 652 
3028 88 546 85 654 
3029 300 132 129 626 
3030 514 607 450 650 
3031 487 592 455 623 
3032 245 523 185 652 
3033 248 70 95 561 
3034 106 309 184 557 
3035 472 577 452 648 
3036 461 610 582 653 
3037 202 331 201 585 
3038 26 526 57 637 
3039 87 226 395 570 
3040 45 289 47 593 
3041 212 210 211 510 
3042 355 189 339 509 
3043 443 565 653 657 
3044 311 601 111 645 
3045 17 525 272 582 
3046 221 612 402 647 
3047 179 223 225 584 
3048 356 190 378 634 
3049 311 347 117 601 
3050 127 122 341 581 
3051 412 519 532 602 
3052 296 52 56 528 
3053 377 168 193 632 
3054 420 590 519 642 
3055 227 176 179 484 
3056 400 597 219 636 
3057 431 578 559 632 
3058 19 4 25 513 
3059 428 582 610 653 
3060 301 360 121 515 
3061 434 587 583 637 
3062 350 289 398 569 
3063 357 201 331 634 
3064 189 156 104 641 
3065 445 532 519 602 
3066 321 90 190 541 
3067 292 294 293 516 
3068 184 185 105 557 
3069 64 587 66 600 
3070 162 88 85 654 
3071 386 392 147 626 
3072 134 504 335 621 
3073 199 393 350 569 
3074 408 225 223 584 
3075 16 582 28 620 
3076 463 596 529 619 
3077 320 65 600 627 
3078 247 372 158 491 
3079 54 393 230 569 
3080 50 381 48 549 
3081 30 614 562 644 
3082 276 549 381 636 
3083 359 319 373 548 
3084 48 47 49 593 
3085 287 554 142 606 
3086 159 158 160 576 
3087 192 30 18 562 
3088 255 380 197 536 
3089 444 571 539 635 
3090 398 228 282 512 
3091 440 552 531 588 
3092 12 256 32 521 
3093 412 532 519 639 
3094 162 331 318 654 
3095 331 585 318 654 
3096 229 587 64 637 
3097 86 85 88 546 
3098 245 561 523 652 
3099 386 147 543 626 
3100 161 173 159 576 
3101 341 122 128 628 
3102 338 249 7 605 
3103 141 340 139 550 
3104 300 392 405 626 
3105 142 287 145 554 
3106 166 394 164 578 
3107 333 175 367 616 
3108 89 66 274 587 
3109 539 571 468 635 
3110 80 78 79 577 
3111 513 587 434 637 
3112 346 404 313 615 
3113 41 354 29 610 
3114 282 154 153 595 
3115 340 550 264 591 
3116 243 561 245 652 
3117 10 266 37 624 
3118 386 147 290 543 
3119 57 151 171 583 
3120 519 532 430 639 
3121 109 108 107 534 
3122 423 523 561 651 
3123 134 131 335 504 
3124 69 62 298 623 
3125 59 58 313 567 
3126 404 567 313 615 
3127 21 57 26 526 
3128 459 554 501 639 
3129 260 396 336 640 
3130 96 564 291 617 
3131 202 201 59 567 
3132 123 314 128 628 
3133 492 581 438 629 
3134 8 33 9 575 
3135 327 276 381 636 
3136 571 578 431 632 
3137 245 387 246 523 
3138 218 394 252 578 
3139 269 236 371 533 
3140 288 209 206 629 
3141 205 206 187 630 
3142 320 103 315 627 
3143 80 307 98 648 
3144 413 493 574 658 
3145 113 117 115 601 
3146 181 234 233 547 
3147 320 330 65 627 
3148 324 385 325 539 
3149 132 314 125 518 
3150 103 86 99 579 
3151 48 276 46 549 
3152 388 266 33 575 
3153 404 202 313 567 
3154 100 299 196 551 
3155 233 234 349 547 
3156 145 144 142 633 
3157 316 143 140 606 
3158 92 378 190 541 
3159 190 90 92 541 
3160 388 33 365 655 
3161 15 16 28 620 
3162 30 27 614 644 
3163 64 66 65 600 
3164 182 193 168 632 
3165 336 38 261 640 
3166 19 25 64 513 
3167 194 219 559 636 
3168 113 111 311 601 
3169 219 193 194 559 
3170 211 209 277 629 
3171 203 385 324 539 
3172 18 30 27 614 
3173 409 202 374 585 
3174 71 70 69 592 
3175 195 192 204 562 
3176 239 213 278 542 
3177 148 342 290 609 
3178 548 425 585 615 
3179 219 400 351 597 
3180 45 47 46 593 
3181 352 337 284 564 
3182 222 1 315 627 
3183 188 264 340 550 
3184 413 596 558 619 
3185 353 268 23 603 
3186 519 590 445 602 
3187 103 99 104 579 
3188 282 228 183 512 
3189 216 213 239 542 
3190 45 43 87 570 
3191 142 141 140 606 
3192 463 590 519 602 
3193 41 29 40 610 
3194 458 613 511 646 
3195 326 273 387 625 
3196 562 603 426 614 
3197 12 13 268 603 
3198 386 290 342 543 
3199 21 150 57 526 
3200 179 183 223 584 
3201 144 401 188 633 
3202 377 193 323 559 
3203 48 46 47 593 
3204 236 269 4 533 
3205 249 214 365 655 
3206 567 585 425 615 
3207 241 245 185 652 
3208 35 338 6 605 
3209 428 610 582 620 
3210 16 22 28 582 
3211 74 75 73 617 
3212 124 293 126 589 
3213 169 231 197 540 
3214 86 67 85 546 
3215 81 307 80 577 
3216 145 178 177 554 
3217 521 426 603 614 
3218 169 322 231 540 
3219 248 245 243 561 
3220 100 74 299 551 
3221 133 290 130 609 
3222 183 224 223 584 
3223 279 265 263 591 
3224 96 291 75 617 
3225 71 326 95 592 
3226 26 25 5 637 
3227 106 184 105 557 
3228 220 221 402 647 
3229 336 261 258 640 
3230 126 125 124 589 
3231 258 260 336 640 
3232 264 34 263 591 
3233 350 54 289 569 
3234 220 215 216 647 
3235 9 266 10 575 
3236 161 160 180 576 
3237 402 221 345 612 
3238 52 55 56 528 
3239 157 156 158 641 
3240 229 64 25 637 
3241 224 407 223 584 
3242 428 582 522 620 
3243 100 153 101 595 
3244 136 109 302 645 
3245 201 356 170 634 
3246 255 343 380 536 
3247 163 134 335 621 
3248 12 18 11 614 
3249 554 606 430 633 
3250 20 2 408 525 
3251 8 249 33 655 
3252 2 272 17 525 
3253 136 311 111 645 
3254 23 268 13 603 
3255 29 22 39 610 
3256 561 651 523 652 
3257 319 374 373 548 
3258 43 226 87 570 
3259 111 110 109 645 
3260 116 118 119 598 
3261 79 406 81 577 
3262 523 651 466 652 
3263 337 291 96 564 
3264 133 137 148 609 
3265 24 27 325 644 
3266 61 62 68 623 
3267 165 167 166 571 
3268 288 277 209 629 
3269 331 409 318 585 
3270 167 165 198 571 
3271 178 145 287 554 
3272 192 195 30 562 
3273 443 618 565 657 
3274 305 304 303 580 
3275 166 377 252 578 
3276 364 171 369 583 
3277 344 221 405 612 
3278 157 159 295 594 
3279 95 245 248 561 
3280 143 287 142 606 
3281 219 323 193 559 
3282 136 303 304 580 
3283 185 245 246 523 
3284 447 651 561 652 
3285 67 65 66 600 
3286 188 340 141 550 
3287 171 151 369 583 
3288 27 11 18 614 
3289 67 320 65 600 
3290 22 17 272 582 
3291 40 29 39 610 
3292 445 532 602 638 
3293 221 216 310 647 
3294 123 122 120 628 
3295 296 400 53 597 
3296 276 327 194 636 
3297 11 37 256 624 
3298 74 96 75 617 
3299 48 381 276 549 
3300 340 264 265 591 
3301 22 16 17 582 
3302 367 187 207 630 
3303 273 97 246 625 
3304 202 59 313 567 
3305 335 294 348 621 
3306 68 62 69 623 
3307 64 274 66 587 
3308 144 145 146 633 
3309 113 311 117 601 
3310 119 118 120 598 
3311 169 168 167 632 
3312 107 106 98 648 
3313 107 98 307 648 
3314 208 207 206 630 
3315 257 345 344 612 
3316 33 266 9 575 
3317 374 404 251 615 
3318 327 400 219 636 
3319 80 79 81 577 
3320 202 409 331 585 
3321 28 354 254 620 
3322 318 102 88 654 
3323 333 173 175 616 
3324 356 357 190 634 
3325 64 229 274 587 
3326 142 140 143 606 
3327 166 252 394 578 
3328 397 341 288 581 
3329 174 175 173 616 
3330 10 37 11 624 
3331 169 182 168 632 
3332 189 368 156 641 
3333 229 26 57 637 
3334 243 245 241 652 
3335 148 290 133 609 
3336 345 221 344 612 
3337 346 251 404 615 
3338 153 154 101 595 
3339 7 21 6 605 
3340 71 95 70 592 
3341 128 122 123 628 
3342 28 254 15 620 
3343 129 147 300 626 
3344 241 242 243 652 
3345 318 88 162 654 
3346 350 393 54 569 
3347 127 341 397 581 
3348 216 221 220 647 
3349 320 315 330 627 
3350 161 159 160 576 
3351 207 187 206 630 
3352 337 352 291 564 
3353 249 365 33 655 
3354 194 327 219 636 
3355 357 356 201 634 
3356 246 387 273 625 
3357 144 146 401 633 
3358 156 368 158 641 
3359 348 399 163 621 
3360 30 375 325 644 
3361 136 111 109 645 
3362 335 348 163 621 
3363 265 264 263 591 
3364 147 392 300 626 
3365 30 325 27 644 
3366 351 400 296 597 
3367 295 238 222 594 
3368 7 6 338 605 
3369 25 26 229 637 
3370 1 330 315 627 
3371 296 297 351 597 
3372 295 222 157 594 
3373 651 452 557 511 
3374 651 557 452 523 
3375 526 203 267 150 
3376 526 267 203 494 
3377 432 572 546 514 
3378 432 546 572 482 
3379 473 546 572 514 
3380 473 572 546 482 
3381 647 624 612 402 
3382 647 612 624 439 
3383 124 598 628 120 
3384 598 124 292 120 
3385 598 292 124 516 
3386 591 390 148 265 
3387 591 148 390 442 
3388 628 516 124 589 
3389 628 124 516 598 
3390 541 93 91 92 
3391 541 91 93 469 
3392 647 421 439 488 
3393 647 439 421 477 
3394 606 139 141 140 
3395 606 141 139 550 
3396 635 540 571 431 
3397 635 571 540 444 
3398 621 449 422 500 
3399 621 422 449 498 
3400 535 568 531 439 
3401 531 568 535 451 
3402 532 552 638 445 
3403 638 552 532 422 
3404 596 446 423 558 
3405 596 423 446 463 
3406 575 220 388 266 
3407 575 388 220 488 
3408 240 547 557 349 
3409 557 547 240 466 
3410 42 536 44 343 
3411 44 536 42 479 
3412 626 259 612 485 
3413 626 612 259 392 
3414 577 82 501 475 
3415 577 501 82 406 
3416 567 61 58 313 
3417 567 58 61 471 
3418 562 322 375 444 
3419 562 375 322 195 
3420 604 649 446 493 
3421 446 649 604 514 
3422 580 358 302 303 
3423 580 302 358 472 
3424 657 552 565 411 
3425 657 565 552 618 
3426 445 565 552 411 
3427 445 552 565 618 
3428 646 423 452 555 
3429 646 452 423 511 
3430 637 4 5 506 
3431 637 5 4 25 
3432 549 63 483 276 
3433 549 483 63 507 
3434 576 372 158 160 
3435 576 158 372 491 
3436 628 508 127 598 
3437 628 127 508 581 
3438 112 645 110 111 
3439 110 645 112 495 
3440 608 631 622 410 
3441 622 631 608 451 
3442 556 613 415 511 
3443 415 613 556 489 
3444 646 424 458 573 
3445 646 458 424 511 
3446 528 170 567 56 
3447 528 567 170 465 
3448 575 361 8 494 
3449 575 8 361 9 
3450 564 283 284 352 
3451 564 284 283 459 
3452 575 24 10 9 
3453 575 10 24 467 
3454 571 324 152 165 
3455 571 152 324 539 
3456 564 77 82 291 
3457 564 82 77 475 
3458 634 162 321 473 
3459 634 321 162 357 
3460 614 599 644 467 
3461 614 644 599 426 
3462 444 644 599 467 
3463 444 599 644 426 
3464 627 19 600 513 
3465 594 155 627 222 
3466 594 627 155 470 
3467 641 155 157 156 
3468 641 157 155 470 
3469 650 546 514 432 
3470 650 514 546 450 
3471 73 592 326 71 
3472 326 592 73 502 
3473 597 172 219 503 
3474 597 219 172 351 
3475 608 599 535 414 
3476 608 535 599 451 
3477 630 235 371 497 
3478 630 371 235 207 
3479 637 171 587 583 
3480 637 587 171 229 
3481 620 29 582 28 
3482 620 582 29 610 
3483 652 240 31 466 
3484 652 31 240 241 
3485 649 567 574 465 
3486 649 574 567 425 
3487 295 616 576 173 
3488 576 616 295 594 
3489 576 159 295 173 
3490 295 159 576 594 
3491 590 619 529 456 
3492 529 619 590 463 
3493 657 474 428 611 
3494 657 428 474 565 
3495 610 272 22 39 
3496 610 22 272 582 
3497 585 319 374 409 
3498 585 374 319 548 
3499 627 103 155 579 
3500 627 155 103 315 
3501 627 65 19 330 
3502 627 19 65 600 
$EndElements
