$MeshFormat
4.1 0 8
$EndMeshFormat
$Entities
1 1 2 1
1 0.2393156642875587 -5.861349661115348e-17 0.9709418174260518 0 
3 -0.2970696796216697 -0.9933186688903164 -0.9717476410827001 0.375969858892153 0.970333821994591 0.9720849226553318 0 2 1 -1 
2 -0.9948144918360486 -0.9981180049672537 -0.9770618293338087 0.3766001388175491 0.9821044388060952 1 0 1 3 
3 -0.3099099628979518 -0.9981180049672536 -1 0.9927088740980541 0.9978473653031026 0.9722021599297399 0 1 3 
1 -0.9948144918360486 -0.9981180049672536 -1 0.9927088740980541 0.9978473653031026 1 0 2 2 3 
$EndEntities
$Nodes
5 575 1 575
0 1 0 1
1
0.2393156642875587 -5.861349661115348e-17 0.9709418174260518
1 3 0 31
2
3
4
5
6
7
8
9
10
11
12
13
14
15
16
17
18
19
20
21
22
23
24
25
26
27
28
29
30
31
32
0.3097643861589631 -0.2015132545905637 0.9264842233362282
0.3494829376004197 -0.4009804473027384 0.8464281976383047
0.375969858892153 -0.5791782333164746 0.7225280954002192
0.2240421165020142 -0.7095775579771669 0.6642692647223308
0.16353341415464 -0.8428269607820076 0.5032797692851672
0.0867094637983942 -0.938133858854092 0.3234272254444044
0.01407706109926624 -0.989505699108482 0.1256384663394155
-0.03195992657312994 -0.9933186688903164 -0.06565866451448378
0.0274084457253918 -0.9552192694014886 -0.2710528139769488
-0.03134848510707375 -0.8911755977834751 -0.4363407068789562
-0.1117009055774775 -0.7977438768718083 -0.5810736285399229
-0.1367308132297491 -0.6769468889844225 -0.7174991274490433
-0.2653190051384648 -0.5383447028358121 -0.7926914366944042
-0.2311422949210847 -0.37589989041195 -0.8916617326410772
-0.1798948641862232 -0.2015255111427756 -0.9535448601071198
-0.2156402519791276 0.01212043164456421 -0.9717476410827001
-0.2345559321234411 0.2260430677622588 -0.9391697228006304
-0.2274227681977101 0.4314583810579111 -0.8678129320390229
-0.1929072458024598 0.6149286599169267 -0.7621561199757869
-0.07443412045625115 0.7510179678792362 -0.6504077998502609
-0.0977872440881721 0.8609595348190765 -0.4849629758582961
-0.2114733047809461 0.9205358729668459 -0.3096892606744044
-0.2644872986585446 0.9514262065876735 -0.1217076634010608
-0.2113893336493926 0.970333821994591 0.06631434966994758
-0.2970696796216697 0.9191711431956959 0.2473124607417111
-0.189296478302628 0.8808885795357585 0.4336632741861053
-0.06319618640950425 0.8015028314571835 0.5936533040993415
0.0999543596821061 0.7041012506889653 0.7013118012658379
0.03482853393737089 0.5519496516067891 0.8329172280751738
0.0006563701978913935 0.3611754000891366 0.9321880779185741
0.1245506144063475 0.18610459400702 0.9720849226553318
2 2 0 171
33
34
35
36
37
38
39
40
41
42
43
44
45
46
47
48
49
50
51
52
53
54
55
56
57
58
59
60
61
62
63
64
65
66
67
68
69
70
71
72
73
74
75
76
77
78
79
80
81
82
83
84
85
86
87
88
89
90
91
92
93
94
95
96
97
98
99
100
101
102
103
104
105
106
107
108
109
110
111
112
113
114
115
116
117
118
119
120
121
122
123
124
125
126
127
128
129
130
131
132
133
134
135
136
137
138
139
140
141
142
143
144
145
146
147
148
149
150
151
152
153
154
155
156
157
158
159
160
161
162
163
164
165
166
167
168
169
170
171
172
173
174
175
176
177
178
179
180
181
182
183
184
185
186
187
188
189
190
191
192
193
194
195
196
197
198
199
200
201
202
203
-0.2639744692567755 -0.8104056822115948 -0.5049781136764535
-0.3585612392363854 0.5442358190248214 -0.7489923221964008
-0.4858381630436306 0.864013726759038 -0.0366767417005922
-0.1444210765868794 -0.9725490813154896 -0.1340510492021561
-0.4579901010485384 -0.4435132201056278 -0.759132671742624
-0.4081223310704357 0.8116236555852925 0.4140198567682574
-0.08200382604226721 -0.943145434765202 0.2845747171769734
0.1125917178597983 -0.1567797990759569 0.9673349057020039
-0.2135323619737031 0.658014741249536 0.7105610093207229
-0.4840024697816259 0.8483299650474048 0.1871037354891742
-0.5713280600780459 0.7538073254399588 0.2997297677769757
0.0380342325146326 -0.7288555254302191 0.6772715116269914
-0.4044802313270398 0.1053824957148706 -0.9002100947831695
-0.545545497809353 0.6750050024005433 0.4820080829367261
-0.6778765034160056 0.6328671390069486 0.3523385124065955
-0.6610445679268824 0.5232107711775306 0.5294980145321002
-0.7773548107228181 0.4909133107593481 0.3787786554508349
-0.7535407418921678 0.3558650708528729 0.5389415582407475
-0.8629533927246269 0.3172231966336023 0.3740804047291397
-0.8265238606321816 0.1700534125650389 0.5158713145480427
-0.9240060896233877 0.1305801682651594 0.3353040638206167
-0.8744700644766245 -0.0195353064779015 0.4690598438481121
-0.9535322729796746 -0.0619216587447352 0.2756727188877541
-0.9815424782308654 0.0928394779834758 0.1398104214660503
-0.99097783374508 -0.1029874519104301 0.06982210217901291
-0.9392902002967184 -0.259735616638851 0.201133941008547
-0.9501625594398547 -0.2989825074302734 -0.01008668324409575
-0.9927827893144074 0.05343728778253033 -0.05853052636330265
-0.8789924237823931 -0.4490194170411368 0.1231837442207884
-0.1752863701975465 0.2273783316391464 0.951929449511156
-0.8700064794672928 -0.476337967697446 -0.09371529206142633
-0.7728493756505237 -0.623767968231751 0.03216095911437016
-0.7600879407162101 -0.5962210223463608 0.2300676335127911
-0.788450134169871 0.5620416614744345 0.2122392509859042
-0.7592939708496237 0.02419486148164803 0.6406911091596081
-0.922188343337108 -0.3126810209785278 -0.2085028777253286
-0.6366693061322511 -0.7469018799766139 0.1470768221781864
-0.6202061041321734 -0.7006464139420062 0.3321460072339111
-0.632952764891047 -0.763475708303549 -0.05173226262690835
0.03094108591149554 -0.5743674643042187 0.8115541786038943
-0.1152062903197358 -0.6468131670537952 0.7492456405598978
-0.8259881019098916 -0.4730207206245147 -0.2952006602104841
-0.8641101871855631 -0.2954591683793842 -0.3879277436276247
-0.7001397811974053 -0.555232572635873 0.4294403397837745
-0.3866498655408825 0.6988773586344466 -0.5880851433000799
-0.5335411135037722 0.5375688261612006 -0.6441136213427753
-0.5367390793618596 0.6674315714017056 -0.5062005697685918
-0.6633896183820138 0.5060589423049198 -0.5354075131586336
-0.668672371423048 0.6293783781425527 -0.386258683508219
-0.4183536439852002 -0.5888579165701286 -0.6873352959896141
-0.7835901829421467 0.4640420588564681 -0.3927079227446792
-0.75662506109686 0.3346206408934542 -0.5497973194538738
-0.5982899830111944 0.4072931762767332 0.6831222095729838
-0.1791802599766983 -0.7718006706668512 0.6007716078745955
-0.3090530178826085 -0.6622714771425606 0.6698741806277529
-0.254639455257831 -0.526900089193141 0.8042563783206742
-0.9646751455291763 0.2383162134418829 0.01323548798453982
-0.5562012480539901 -0.5388455810421958 -0.6206500910338193
-0.6106779668454616 -0.3697550115762069 -0.6869491798456757
-0.4897595708935994 -0.8596881716280367 0.05319438477325923
-0.4786518432940779 -0.8591577007523362 -0.135471549696408
-0.4644932209869047 -0.5187033032089928 0.7084847016338669
-0.3777346061093171 -0.3810277247970459 0.8409760470616101
-0.5640981487137591 -0.3415396823744513 0.7420272549955824
-0.4911180373862991 -0.199949004438686 0.8380100303194565
-0.607145575997267 -0.7470876137280971 -0.2391455599533752
-0.8733870963245073 0.2777167682493666 -0.3878496131491242
-0.8163433964438032 0.1517531368658376 -0.5422567671808716
-0.7674364513949669 0.5842604623065302 -0.2395570950341771
-0.1211159154540774 0.04410384148501195 0.9737901588110311
-0.2613584381961844 -0.8935994687273441 -0.3427032922484753
-0.5020543286404472 -0.2491515400354105 -0.8164399453173372
-0.7179071776499548 0.2105200097893694 -0.6525351384043208
-0.6387844309638275 -0.206761349388594 -0.7307869726459378
-0.7831333296315117 -0.1700816834410072 0.584464085662231
-0.1958675822691607 -0.3177506809342834 0.9201666216149824
-0.9346216658353766 -0.1386208439647705 -0.3127082109030117
-0.50896332816895 0.7781259558270297 -0.343821716759987
-0.4040398822610922 0.7840321928847647 -0.4495109275809588
-0.4745870479106469 -0.6960418782688386 -0.5307901972657144
-0.3588517236743756 -0.7745384072191117 0.5086827923841106
-0.612618387724114 -0.608893103901736 -0.4860589150632376
-0.2083796920291814 0.4129866353973208 0.8799747966128404
-0.3485727348080658 0.2937776857409502 0.88332716592599
-0.2941389396153946 0.08811174550551486 0.9433666176832654
-0.4667624795548796 0.1122477168617165 0.8726149980582966
-0.2141020792538489 -0.1057469247561045 0.9561730764734999
-0.1791238172183596 -0.9745446019056878 0.07896534080583348
-0.2415513989743071 -0.9267496341039574 0.2563877710575229
-0.8602725180349067 -0.1344442513920843 -0.4823798801859417
-0.406110640729211 -0.1114244117870208 -0.8977962920512172
-0.6953516292163094 -0.4743129950541242 -0.5227638228381436
-0.8742798311334361 0.4084365283362835 -0.2265798075135731
-0.8430321190879937 0.523980897143282 -0.0699403248893575
-0.7054303215594261 0.6929331051898178 -0.07460538666162034
-0.7265940386929861 0.01593830444124392 -0.6760922227124263
-0.5271160544901967 -0.6502774245902754 0.5333039024223427
-0.8448198450054091 -0.4115955115734697 0.3224602660077402
-0.5600681888151335 -0.04666256798683726 -0.8173030407278465
-0.7579951171700799 -0.6237820665477237 -0.1627789824746109
-0.911348847225341 0.07008068023816533 -0.3846071390411774
-0.5029735276279488 0.3578284192614387 -0.7745750366949596
-0.3813407423338692 0.4766907405828708 0.7827956410209763
-0.3230386177428972 -0.9374240124514934 -0.02789984359588979
-0.774081326804384 -0.3646371743918387 0.5032344658144744
-0.3723820148026061 0.7112824888241018 0.5836401954800023
-0.652675609548117 -0.1439781945317475 0.7343533288106624
-0.8836991658991276 -0.2197297429303756 0.401454885724129
-0.7630320943660447 -0.2988714662864579 -0.5573901358921995
-0.9504263296588981 0.2114584007690599 -0.1969302982371011
-0.5022890432682778 -0.8224660721943086 0.2353425821034971
-0.6978267714829723 0.22024547480117 0.6695835135930792
-0.6251753850048861 0.7630310318900217 0.07860807243440057
-0.03572384792291651 -0.8690594831886355 0.4825199455221113
-0.9793817677392896 -0.1342121216496568 -0.1276756897778155
-0.9325778624881195 0.2765643105075529 0.1982288635093999
-0.4991318479610475 0.5746138238926566 0.6349564013126152
-0.3824027650180776 0.8834065015500123 -0.2427863206551186
0.186034376466944 -0.3528971083790817 0.9099569604057245
-0.6352837546432306 -0.460974336977564 0.6017667127531108
-0.6363107378779729 0.7279545792730733 -0.225360441515774
-0.8889472754668452 0.4360241680903788 0.0805541191575454
-0.2400084726357591 0.7358159525721474 -0.6216964848704566
-0.4326359395522766 -0.8148895602328043 -0.364883622567955
-0.08770898519387976 -0.475648811422836 0.868333575804888
-0.213137829795547 -0.8724653521634362 0.4229838132431994
-0.2987853903873464 -0.1993618998014535 -0.9247251150107484
-0.3732784650951005 -0.3293910688429269 -0.8560034388739454
-0.2493483518314667 0.8422674005612577 -0.4565905419833911
-0.619221176552917 0.07283070320458614 0.7723595075578478
-0.585551777783229 0.1874020136429765 -0.7784976055022472
0.0008104233076315914 -0.3126629233675881 0.94371502631142
-0.3992744253119836 -0.0721245637523137 0.9080191643588723
-0.966467671357326 0.009909962568795663 -0.2234759943950893
-0.8629515217470487 0.4179921163510434 0.2493600520387161
-0.6409486782722509 0.3672441762125574 -0.6642596031246415
-0.351778684649659 -0.9154359529032714 0.1453496684756227
-0.5062296667596703 0.2999467401344443 0.7987190881809876
-0.3918865444292501 0.9078152615214155 0.08838950067300884
-0.6959340448647809 -0.3026220932939979 0.6390101646700577
-0.3351549519832936 -0.2224116013537953 0.9064517309048599
-0.1307811215160354 -0.9533018206369562 -0.2511303836267327
-0.3595056796027698 -0.8624843749783845 0.340702804275394
-0.3841849234990957 0.2753457797022268 -0.8747404584676882
-0.3078609301654548 -0.9197911326167314 -0.2099687019991555
-0.708821781317021 -0.5963980882728365 -0.3629920084967937
-0.5658516336754089 -0.7107448004812098 -0.3966163840874519
-0.3207127334188071 -0.6941854875475399 -0.6383245868670526
-0.5257672520294783 0.8220088694001133 -0.1910597427522586
-0.3487309736588802 0.6022360693942835 0.7108976878293566
-0.7778805249806557 -0.1279663702176316 -0.602440442769002
0.2180433536033091 -0.5370553168586346 0.8092470063465467
-0.5994676083786031 0.7883003909364014 -0.08718970223075126
-0.3700776629421635 0.9218210642569563 -0.04326695159297668
-0.4771321845872696 -0.7773847470804111 0.3945971002447716
-0.9182182427603263 0.3637570977959356 -0.07972685537204485
-0.1812042778743507 -0.8692549397293583 -0.4412732587016545
-0.1589062298713472 -0.9103655973735327 -0.3646335378673494
-0.2398414473995657 0.5394204622217968 0.7972448890416203
-0.05156085688872745 -0.1332156206210195 0.9751780127544341
-0.5409034642483146 -0.05221932058762285 0.8305603579260765
-0.2312586458161647 0.7698482091301995 0.5834704539321235
-0.7713204150244588 0.6251163925599711 0.05799038942335873
-0.7030105844536542 0.6761199710641285 0.2018015534668334
-0.04763914608474823 0.6743325102175513 0.7245785416081464
-0.1220013594618672 0.5289385159214129 0.8297875598956816
-0.7847994811096054 -0.4338532182368967 -0.4289703279374173
-0.8206572599377115 -0.001321568148944414 -0.5596349630390818
0.07074110452245427 -0.4523033239559932 0.8813182265429762
-0.02898241253683557 0.1755923223685365 0.9761836223918797
0.0534804036375576 0.02330328705212643 0.9919045524593999
2 3 0 175
204
205
206
207
208
209
210
211
212
213
214
215
216
217
218
219
220
221
222
223
224
225
226
227
228
229
230
231
232
233
234
235
236
237
238
239
240
241
242
243
244
245
246
247
248
249
250
251
252
253
254
255
256
257
258
259
260
261
262
263
264
265
266
267
268
269
270
271
272
273
274
275
276
277
278
279
280
281
282
283
284
285
286
287
288
289
290
291
292
293
294
295
296
297
298
299
300
301
302
303
304
305
306
307
308
309
310
311
312
313
314
315
316
317
318
319
320
321
322
323
324
325
326
327
328
329
330
331
332
333
334
335
336
337
338
339
340
341
342
343
344
345
346
347
348
349
350
351
352
353
354
355
356
357
358
359
360
361
362
363
364
365
366
367
368
369
370
371
372
373
374
375
376
377
378
0.3634214102144298 -0.7804174073709378 0.4925168511303329
0.15500852365165 -0.8161811489586086 -0.5448691453408269
-0.06735818455095835 0.9888001695107095 0.001309569872340139
-0.01935222610125525 -0.0805856093002618 -0.9917035039257063
0.1736059369820903 -0.9677475746875979 -0.1426331953381879
0.4029684171653412 -0.06171522158617051 0.905164080066417
0.5350424785914167 -0.4438795820202801 0.7086999288949892
-0.08359385105153194 0.5111394125764093 -0.8465464799768075
0.1395011049510243 0.7763192041159617 -0.6033134841112094
0.008941318012146975 -0.5292266655838083 -0.8362790781290748
0.2323914709484581 0.6426200188598975 0.7220222504997609
0.02244001751651557 0.9048895408139881 0.4234187241249665
0.009093077538322527 0.9411753955174357 -0.3145940836035472
0.258465104473122 -0.9466355048578164 0.187716152148014
0.1795086778758013 -0.9152555413729394 -0.3319487669996667
0.421297596998034 -0.876363069750935 -0.2182202815572163
0.23505609457021 0.470629670560716 0.8430760362393364
0.3887947775469027 0.5726905989386394 0.708994609149026
0.4740481810670827 0.7230159541685172 0.4885298922803658
0.4254278441875872 0.3673119541272042 0.818057885209695
0.5661878530425262 0.4511722504151133 0.6793332137782435
0.5783364836100935 0.2469182517172572 0.7643907228813016
0.7035365746117777 0.3199414866072964 0.6180304980997631
0.7040398279621591 0.1254963866393096 0.6888773831417341
0.8138514394507095 0.1886253571421802 0.5320079910948943
0.801693343155801 0.3784788771159533 0.4505814005738193
0.8927911005681544 0.235084409421581 0.366153403166639
0.8718108292137479 0.4081793322733628 0.2658875455564406
0.9481611066492346 0.2468182576645561 0.1667212226847046
0.897082022609769 0.423440149874438 0.059435718015042
0.9603743988719654 0.2495316187408277 -0.04387823085021378
0.9888463836233709 0.06279922151149166 0.0538189553692615
0.9783393219385698 0.061943081035114 -0.156591364630062
0.9270479555925082 0.2465842947973787 -0.2599015456668145
0.9188639759191977 0.05929483163874758 -0.3693614519501606
0.8448798773952569 0.2446709040310467 -0.4660195909893931
0.9846991937488836 -0.1186137056887586 -0.05379121908128648
0.8114838492329859 0.04259286449478767 -0.5737004452555969
0.7122396603703207 0.2432933899297246 -0.6518111029219473
0.8690520593506919 -0.1270405638144964 -0.4610779344296681
0.7476916332296205 -0.1492899436119854 -0.6360767412001549
0.7216876153692584 0.416812561655695 -0.5351898566926723
0.9714672217862981 -0.1279607926417599 0.1554692611377103
0.9450703958960202 -0.3045061687462995 0.04717404144211716
0.7801335275911401 -0.3190457045792832 -0.5241880014824165
0.6341116524635769 -0.3312778641127279 -0.6864377558543219
0.5857209042418843 -0.1563606574264219 -0.7867310422762551
0.5826856068621125 0.4161178727528773 -0.6943093001755047
0.9104329106226194 -0.306590729757259 0.2508987968282781
0.8554978339642254 -0.4834676519741533 0.1415745951860192
0.6584610055481064 -0.4897100220144872 -0.5538024761432956
0.7949494990638946 0.5730033333424631 0.1596147817362516
0.8040609731330824 0.5837812042361037 -0.03882022398289946
0.6852876782366963 0.7212564661739967 0.07418674088732002
0.6702354471558434 0.7200589181808322 -0.1363146043495788
0.5308068628820993 0.8381749224894547 -0.01385985735511456
0.5111708034058129 -0.5056148515810607 -0.681751639808315
0.5041688833177909 0.8241623173130441 -0.2239522416458163
0.7685174228264919 -0.4931716916894914 -0.3772341242607123
0.8041953006620011 -0.0004674746893108213 0.5892105009447851
0.5574432039858934 0.2320754077139426 -0.7920161880750075
0.409638091405429 0.4023018921193168 -0.8119684670644675
0.3575600288844661 0.9201447444290899 -0.1041278595313578
0.3673016817197322 0.9136472309965638 0.1104594658637852
0.3672230152720793 0.2128448010387838 -0.9007104785931959
0.8000951220117368 -0.4747645257955366 0.3421318875760436
0.7259367249672504 -0.6420583558293989 0.2084144013366651
0.7728826947875553 -0.6239367071409377 0.01095862416771366
-0.09893056148501164 0.9637503219798998 0.2367740569443945
0.06397995479554253 0.9836841038472557 0.1166991729636928
0.5777642529484056 0.5703384400423439 -0.5731593125628149
0.01710180869009446 -0.2584951042130421 -0.9599043283531379
0.1998118967883727 -0.1726199074056283 -0.9532524862136678
0.6305403346471863 -0.7630701151016145 0.07790529149606359
0.5226135410180911 -0.6442844939508442 -0.5426837718980027
0.6595064158454109 -0.6271093867039874 0.3929918803415849
0.0344120950168446 -0.6464535378808041 -0.7487505928350499
0.6611694147867289 -0.7301353866668128 -0.1106210520484793
0.6705946790805293 -0.1019414070839451 0.7208541994530605
0.7594535299742475 -0.2236723585925857 0.601519066049212
0.935723347356978 -0.2938498601002822 -0.155633282873211
0.1953034997214515 -0.5584038317796771 -0.7959813843579273
0.3848928887206884 0.1388878426951878 0.9052928350595694
0.3304084818374259 0.8840101581907213 -0.3161926431768874
0.7681221178103237 0.5766593617415944 -0.2441689192003595
0.2209695987634727 0.3682178579613543 -0.9005844016569823
0.2610147137060448 0.5345831299972866 -0.7962542700682617
0.4486227070814191 0.7860715830010859 -0.4102272402708429
0.3601979344159612 -0.6489450362642336 -0.6606709112763576
0.07031677980610952 0.9827512277749175 -0.1001389675644226
0.6591648650107482 0.6912080103241912 0.2716771082380657
0.1702757392459944 0.1861097219230613 -0.9599426631372736
0.9208954332811228 -0.1252421819012177 0.3420875890473581
0.2987838988319808 0.02212938806167775 -0.9462688983038364
0.3646308230013438 -0.7826780486414895 -0.4854724094385335
-0.02171603598147812 0.3378785634566471 -0.9337882816392634
0.6699402341622658 0.04969326545449016 -0.7334198307843207
0.1045542282821078 0.6458142230511129 -0.7469614035086792
0.781055702873678 -0.587157245838378 -0.1830609791170781
0.6672792063369388 -0.6786804592245098 -0.2817913097296696
0.4473058159772844 -0.3507244203700585 -0.8126070107145662
0.3969971341281155 -0.1650950054059303 -0.8876768648155426
0.4944778204434371 0.03595784692552836 -0.860850448429782
0.9543317469299974 0.053016924454634 0.2611015902516368
0.5170709907831603 -0.2281840172134665 0.8240577237390928
0.7097567794491242 -0.4305730131891591 0.5469789991343647
0.6110451710351044 0.7040667933836056 -0.3410319647465108
0.2754159502238335 0.6899124705641831 -0.6608826437646927
0.8834983429023276 0.428566392702714 -0.1494682145793696
0.8288955398890978 0.4189606539830013 -0.3483219201046301
0.524859070181148 -0.6318223972127155 0.5575590380506329
0.5737203764521771 -0.7585530428858864 0.2828044963843941
0.4678887260472779 -0.8681454401978475 0.1412062373356505
0.4220319993027211 0.5627690508319012 -0.6959687756127757
0.9494107359133666 -0.1210003951585329 -0.2645109941446661
0.5206551804028905 0.8212301281503755 0.1909062530293925
0.3722478583385751 0.8778685146399074 0.2892950638722844
0.8772104133167372 -0.4652228440436125 -0.06184712638491516
-0.0235571428466823 0.122677384410743 -0.9811953225810635
0.4919493319127233 -0.8618620744193585 -0.04288173299303119
0.8832577364553604 -0.3016518986812887 -0.3434791262767308
0.5573266785882873 0.01455610503215784 0.8206982736755079
-0.1026458562678254 0.9756775264899822 -0.1684232688659981
0.1264895303944998 -0.4076397589151755 -0.8978504085502238
0.8346985912548941 -0.2978854251728746 0.4458178410428788
0.2695055928526081 -0.8841901319772846 0.3630323497283194
0.1773725846902276 0.8062500755231341 0.5550039874313548
0.7508517736839998 0.5418101577573187 0.3535448923199181
0.6732106058473107 0.4995885926941886 0.5264715288525734
0.2582014583528046 0.8301158364292736 -0.4780178548967037
0.4970320209977938 -0.7751654264196666 -0.3689658405195902
0.2882384846084493 -0.3127537257217869 -0.8934812151192273
0.2151856121300564 0.9464340295506787 0.2082404119160833
0.8586685937539703 -0.4376984226476064 -0.2343539593288391
0.2618410057785459 0.2902012170099523 0.910892690809146
0.3468250332287105 -0.9300503139297329 0.04218004044879856
0.8889124572852198 0.04821209522655186 0.4349203645416055
0.689745799364782 0.5691590769545806 -0.4277342578026065
0.365490476151853 -0.5049634983478983 -0.7753315759602398
0.2124489423266205 0.9681915672328055 -0.00357378320374812
0.422805676899711 0.6929028782893466 -0.5693339380590855
0.1915405039410525 0.9480658822691767 -0.2256445331881123
0.5160678744301957 0.6061450269860492 0.5944369271142014
0.1737042282768403 -0.9795515567616707 0.02164696292305582
0.2013421750983004 0.8993572059665393 0.3720597468162423
0.4221496521137935 -0.8405558584441135 0.3116620475990225
0.8523688654599886 -0.1292120227552276 0.4908055714266454
0.614242563052206 0.6504112510695399 0.43622365977517
-0.05910875388354201 -0.3904624904774358 -0.9107406252847281
-0.1396432377716369 -0.4803667884454255 -0.8592233892415729
-0.07988647225627715 -0.5765864957145226 -0.8041713375885269
0.5197379657236693 -0.7361398607521747 0.4188189375617792
0.07353831332474978 0.8692539457613764 -0.4693690986341059
0.6402753435327376 -0.6248338673340939 -0.4344586053918486
0.08208983266041743 0.5097261389937523 -0.8463471398354729
0.5165658486017999 0.7731889500293234 0.3468841592892682
0.5456125533008691 -0.8053124131339999 -0.1858958030770186
0.6346466164770932 -0.2944065221126292 0.6989367260943883
0.197543262230843 -0.6806810782024113 -0.6974049925608529
0.06146546510285558 -0.7596327828827403 -0.635274428705648
0.03729217707060491 -0.8336630548839056 -0.5370459271628455
0.3774635890496243 0.7015899852552481 0.5901340963333422
0.1289002614371838 0.03973645410693369 -0.9815356490022105
0.3268522538437372 -0.9314958415996777 -0.1021427951621159
0.0794071713023325 0.9528880906467467 0.2677532935938906
0.1854122762128436 0.8988775223840111 -0.376034346640217
0.2145801377896435 -0.8544175877996534 -0.4580720121873471
0.3470956902126265 -0.8606975796578556 -0.3516424716981629
0.3015762540993949 -0.9175663908679491 -0.2285301730638647
0.347504630049756 0.8121525673343069 0.453757564823855
0.5463847839964013 0.6839892119799738 -0.4742394713195667
0.2585226155177526 -0.7537845644422816 -0.59318375086992
-0.03923299952830475 0.6424871929020158 -0.7544166087344638
0.3773360718552707 -0.6875409061470568 0.6107962836182772
0.2723722281004766 -0.4391971164959368 -0.8472930856427157
3 1 0 197
379
380
381
382
383
384
385
386
387
388
389
390
391
392
393
394
395
396
397
398
399
400
401
402
403
404
405
406
407
408
409
410
411
412
413
414
415
416
417
418
419
420
421
422
423
424
425
426
427
428
429
430
431
432
433
434
435
436
437
438
439
440
441
442
443
444
445
446
447
448
449
450
451
452
453
454
455
456
457
458
459
460
461
462
463
464
465
466
467
468
469
470
471
472
473
474
475
476
477
478
479
480
481
482
483
484
485
486
487
488
489
490
491
492
493
494
495
496
497
498
499
500
501
502
503
504
505
506
507
508
509
510
511
512
513
514
515
516
517
518
519
520
521
522
523
524
525
526
527
528
529
530
531
532
533
534
535
536
537
538
539
540
541
542
543
544
545
546
547
548
549
550
551
552
553
554
555
556
557
558
559
560
561
562
563
564
565
566
567
568
569
570
571
572
573
574
575
-0.006043481515703331 -0.006266877778389857 -0.002045376148902101
-0.1013322935062055 -0.4530027989435321 -0.1886382325779871
-0.2947983183225599 0.3928577631870522 -0.08289615174910608
-0.1479918758510712 0.3053983089631767 0.3764902639115337
0.3302049906615331 0.2957697022280285 0.2195520582113251
0.4522722521656106 -0.1995513851793388 -0.06322921791702502
0.1576009597213252 -0.1247932936597967 -0.4542512962362468
-0.4746267769694891 1.119089210832591e-05 0.1612565025910431
-0.0126624751908673 -0.2030962315921287 0.4567724755737935
-0.379742310932184 -0.06710666734183879 -0.3179539361373249
0.1788693957444909 0.389440873773981 -0.2502324175515285
0.1803562209179089 -0.4882109332222003 0.1634736511509261
-0.3057355203692279 -0.4168880483961661 0.2026388040446995
0.03630355631548796 0.5694887145622143 0.114536196645065
0.4069363908887738 -0.1116073977532558 0.3646979376044245
-0.1675230855620515 0.2714567091690043 -0.4742406060936407
0.5326442301606522 0.2033378871725187 -0.1326978986386513
-0.33104217903448 2.768878683508114e-05 0.5154473674508055
0.2330726200693007 -0.5726364657352152 -0.1776323451776904
-0.1047321917347143 -0.3524448610047483 -0.5294926268782236
0.1557026655479697 0.1279882678287138 0.5054372764722856
-0.47557028819704 0.356231509947691 0.229376384128685
-0.4680339689620302 -0.3848124102809661 -0.1358018780180721
-0.5994306103238252 0.2281377690705795 -0.0679572575954968
0.3822033379778728 0.170409549711077 -0.4705434924558236
0.405915060948132 -0.346688029824874 -0.3701137449946506
-0.07107248626910243 0.622744920358633 -0.2083973251741154
0.1385983379508922 0.486084795018512 0.4313494758479348
0.6176315705272515 0.102280763045251 0.189085888317608
0.353204854744802 0.5487090206553999 -0.006029423217096154
-0.6459726300641326 -0.1016404697809302 -0.1087236519365939
-0.09989757872875751 -0.650092518761288 0.08099794178360026
0.1458970239053823 -0.2472255072013241 -0.1551502325388451
-0.4972973334763641 -0.2455869004827752 0.3940921443228657
-0.0569704264074227 -0.5318507697588665 0.3984534004248438
0.4998117391244899 -0.3934789730238759 0.2070634598854892
0.2960757823732167 -0.4168939474878712 0.4557385624922273
-0.4663768358328357 0.3210720743105604 -0.3516278985794731
-0.1148500922133893 -0.02585144049947102 -0.6430293641856982
-0.1367907649654125 0.01398930519087271 0.2764340003887736
-0.0632541360951516 0.2818667033601807 0.0834544095643798
0.2412819291236624 0.0590155422711752 -0.2009002847912515
0.5707348289462029 -0.06410261841703305 -0.3382812622736068
-0.2799519262883543 0.6016290822759116 0.1607928573173114
-0.04957451833556116 -0.3040176656324375 0.075344118905142
-0.1129399980477688 0.1713340111956779 0.6536319933993981
0.1177061861373517 -0.5420339390505613 -0.4460764331247742
0.4641105952778269 0.175675548334923 0.476239987038629
0.1315119613101836 0.3489885189200889 -0.5665906958539457
0.2923686829144692 0.01004399552484159 0.1021576881621182
-0.2906237062449568 0.08666185137534739 -0.0681459090313988
-0.383025351790987 -0.4511773852881769 -0.4050847291732863
-0.07834774827065336 0.0210692927910302 -0.3066220033474947
-0.2310870429152879 -0.2386860982141715 0.6394921466293195
0.2421166706155445 -0.1457823743508592 0.627211026248323
-0.5605993667949081 0.1383132234312439 0.4023014289704038
-0.1589937021528975 -0.6729637531364754 -0.2898521010595531
-0.6130107144153752 -0.3014266191093545 0.1183280775680714
-0.4480659723900544 0.5893952966202395 -0.1278648403630084
0.6994605719503078 -0.03339327323672915 -0.06311872348874767
-0.3112126272624421 -0.1915105788343539 0.01512792011925435
0.5836826942319621 0.3789827772330484 0.09696762550748245
0.40888270779507 0.5316397153745652 0.3150908463887055
0.507698831616415 -0.4803698280918107 -0.1291787281693832
0.1853876464364619 0.07539320836504902 -0.674701061541239
-0.2098609523191811 0.4564934870453047 0.5644295317852541
0.2390490146144247 -0.3458998490750472 -0.5926268752756598
0.1689486208299428 -0.2112900140768835 0.2355138305826419
0.4412680695590137 0.445438534729189 -0.353234324367522
-0.356135472819078 -0.2124823930810845 -0.5681453669271157
-0.3047936689002393 -0.5900703880438637 -0.08089179361011492
-0.3600616693662971 0.2550424777278765 0.5120516781941441
-0.385985027988979 0.08704408220411572 -0.5765587809774161
-0.06869556061678272 0.2754814911128985 -0.1945782425975474
-0.5933954876885721 -0.2450498732380636 -0.3423374515893809
-0.2944883838037174 0.5426329034866924 -0.3578669481314438
-0.09701717730818239 0.6243238472662589 0.3711839693584097
0.08390957176575922 -0.394245963229454 0.6192034737133247
-0.6273224998656086 0.08167335045087758 -0.3315809017493402
0.4137478437874289 -0.1399446455994358 -0.5490810274915862
-0.01448931902929997 -0.08103843974246117 0.7037420382209102
0.1916827601937624 0.2524806485677226 -0.01306247040774577
-0.3240621630437098 -0.4465140061846452 0.4790062579211205
-0.1108816468306318 -0.1929699474656162 -0.1544151727583321
-0.7070298363105134 0.1328911067273105 0.1776552801563981
0.6730349680374185 -0.173439245389843 0.1795156954230887
0.100272529860766 0.1375200241166502 0.2418209813829534
-0.2796494679501804 0.2023087726394656 0.1869823244942866
0.6714739910901599 -0.2586175930921786 -0.1942950716011618
0.1941007055038907 0.6598315900318231 -0.2490457891052451
0.1919617960860615 -0.7180700702081262 0.03708416725581376
0.2195495814575756 0.6824238510434997 0.2453524233359005
-0.2459085906786145 -0.2099394565470075 0.3455311675422578
-0.3697494210648845 0.5250162776329036 0.3828355502616132
0.03631083328052769 0.5758623231238578 -0.4528299804151458
-0.6822308502836116 -0.1065233404006746 0.2757202020298919
-0.5027403639715164 -0.5341188473455549 0.07893240205879976
0.03856858213807826 -0.2254522214252808 -0.7039124258954358
0.1265502215110553 0.1318328988216092 -0.4230074578049353
-0.5501709946838649 0.5325555949969506 0.08294587137551693
0.4227459111220839 -0.6071810154033357 0.0810394462374403
-0.1247510789465191 0.7374948737787359 0.01208424741808414
0.02507895577930747 0.3863466613187075 0.6379668124400055
0.5786121656474711 0.3523477487973347 0.3440671827994629
0.01423609156091682 -0.6520684509372583 -0.1279066186301514
0.1200665820067287 -0.6878111933840418 0.3069033178476902
-0.3160106082206154 -0.6638418744211555 0.2001782162168423
0.3004408664658298 -0.3898094244846817 -0.02739712032426891
0.2904493151973445 0.3393773059942045 0.5916267443250514
0.6439131295050935 -0.042941768146671 0.3881958912049978
0.6661914781504995 -0.3710238954412958 0.02572272204058005
0.3473848922495775 -0.6043374377961774 0.3111971086870501
-0.6802011771811718 0.3533163087168341 0.1317390628171362
-0.1051669334205334 -0.5819767591089025 -0.4962794330184218
-0.243320523506935 -0.02134840343729939 0.7356114608298774
0.5613821418657662 0.4815215307488002 -0.133373067250846
0.04031522313247249 -0.3439104961438227 -0.3431443183410909
0.605799961384783 0.2500207789405827 -0.3738465071557917
-0.05088832683260376 0.2203752697781338 -0.702322634835461
0.1883069223995144 0.7266569979435681 0.008428058882475012
-0.5602660732054976 -0.06164473179723445 0.5311871404779187
0.107779761000227 0.3709106572401364 0.2174034401373407
-0.2396880684917294 -0.2634039848843805 -0.3480717274201283
-0.6294234675097434 0.4501340217823236 -0.115457542329659
0.07962321545292107 -0.4474327252305454 -0.04815404249930637
0.3332811616347727 -0.1500416740616035 -0.2612083984911563
-0.09249179688547982 0.4568403507226902 -0.6144740774686219
-0.2933330775847175 0.1589694913906463 -0.2998144054459866
0.4651178332687419 -0.0418273934540183 0.5955339498123464
-0.5543424402311818 -0.07943841401546087 -0.5173171923698315
-0.1033174715216559 0.001369956245350356 0.5017519934998589
0.1808424620771497 0.06306406295616125 0.7409274683238922
0.3422041460823106 -0.571873987663353 -0.3852020487683186
-0.6957184907699798 -0.3279564431857871 -0.1477310505573975
0.7286734058833235 0.2106568472372882 0.005810424456466456
0.04568016764874272 0.4224968574015043 -0.06105012511305359
-0.5138928572205752 -0.4678090484220964 0.3081215570732126
-0.5442790257956365 0.3564901776617714 0.4405940552203338
-0.124562647223968 0.4519412108196815 0.2117828888808207
0.3094026998077825 0.09339233286159573 0.3270842249766551
0.6078391688837409 -0.2766740974024672 0.382150232139877
0.06569324961397224 -0.4640172491944022 -0.6394877366683172
-0.3543180517827023 0.4061373610236764 -0.5484747031464935
-0.1892158538882606 -0.226423738695488 -0.7237901435841064
0.3810949164275536 -0.1937815625254953 0.1534461194880393
-0.7671299258188273 0.07705894939119948 -0.03516801314800647
-0.1334180902837743 -0.4681034837512509 0.605721460946254
0.01384471008805045 0.7493059163232891 0.2332598630034843
-0.2281453622382497 -0.392955477972096 -0.01855692413282953
-0.1462030635706313 0.5218956368342553 0.007823472627272871
0.4331216725967558 -0.2736367377266317 0.5809139105527057
-0.6783017357716019 0.3014375910214876 -0.2775744161530626
0.2539810699530284 -0.1518768570572321 -0.7109372042915645
-0.1701124768563012 -0.7582765010344027 -0.09197998139315414
0.2653840829021466 0.5279474614711894 -0.4885152376015515
0.18966095449163 -0.07648831110292434 0.4156056398541175
0.4855877814531438 0.01779949203471273 -0.01366281468746069
-0.4201583840318508 0.2711927564356288 0.04087183384382673
-0.7704992467683889 -0.1473911410636297 0.07291348463104388
-0.4464675799262638 -0.5957548876492657 -0.2504279051491838
0.000760443938501925 -0.3474702447052531 0.2878216180241808
0.7317586117377635 0.129823974067013 -0.2227143262397819
-0.1203384913686043 -0.7174196026384541 0.2924898232842653
0.3630044823396447 0.3538909468747673 -0.122232984606538
-0.258642914039858 0.1356887217845076 0.383361628485676
-0.2991294742161703 -0.4218680662228803 -0.6067988338968169
0.05057037165739847 -0.7167540522481354 -0.3333974501187134
0.1398289304883993 -0.570593578811999 0.4952258687055212
-0.4927797114595729 0.05328517688456064 -0.1560700537633939
-0.3848746411847665 0.125242773091247 0.6776491526426947
0.5222935223128395 0.5867077879936141 0.1349139165256704
-0.0575533058562788 -0.1639285701205544 -0.4250291201786305
-0.3335515184778359 0.7177582741829049 -0.006455367610942092
0.1572762497106257 -0.1420471948442148 0.03216832594050801
0.1737414231963693 -0.7671496734386505 -0.179616151488036
-0.2684534745114039 0.3034821162320464 0.6919993236816931
0.5850673802390773 0.07462637172284797 -0.5211391331957158
0.061018086557033 0.2903641350587426 0.4076939066912389
0.3136769799342447 0.2604624212037454 -0.6654510302723898
-0.4074718802959039 -0.1980211697748758 0.2059596044531701
-0.4436624077646391 -0.2288116885723095 0.6026268568043713
0.4088680477947801 0.6247392615426821 -0.2067040732074565
0.3969910838519011 0.2081000098998875 0.03451565680713647
-0.09755071058122267 0.4435724520658085 -0.335964110470102
0.6069074295915522 -0.2691740323591594 -0.4020041769151355
-0.06238260523905471 -0.3086459797697813 0.7433723724722245
-0.2698820177389308 -0.0120390849666105 0.1160696773790151
-0.01183591744907799 -0.1216999695832288 0.174301085457762
-0.5596006848743711 0.1963651637905642 -0.5037744085652425
0.3582363739808284 -0.7178868019574352 -0.103413252984557
0.4538915895923823 0.4309727027042861 0.4948424635686972
-0.448799143986417 -0.1729211279557452 -0.1464441528469533
-0.3461945891967478 -0.03521655299979494 0.3153924655701724
0.4058011567247671 0.05351456377345169 -0.6579472932981553
0.6672592687380805 0.1658535898224531 0.3831517893811406
-0.2715395831116889 0.6704577569181968 -0.1975035969715953
0.2651987526517022 0.49554266790933 0.1722442317341487
$EndNodes
$Elements
5 3044 1 3044
0 1 15 1
1 1 
1 3 1 32
2 1 2 
3 2 3 
4 3 4 
5 4 5 
6 5 6 
7 6 7 
8 7 8 
9 8 9 
10 9 10 
11 10 11 
12 11 12 
13 12 13 
14 13 14 
15 14 15 
16 15 16 
17 16 17 
18 17 18 
19 18 19 
20 19 20 
21 20 21 
22 21 22 
23 22 23 
24 23 24 
25 24 25 
26 25 26 
27 26 27 
28 27 28 
29 28 29 
30 29 30 
31 30 31 
32 31 32 
33 32 1 
2 2 2 372
34 1 40 2 
35 32 203 1 
36 1 203 40 
37 2 151 3 
38 40 151 2 
39 3 184 4 
40 151 184 3 
41 4 184 5 
42 5 44 6 
43 5 184 44 
44 6 146 7 
45 44 146 6 
46 7 39 8 
47 7 146 39 
48 8 120 9 
49 39 120 8 
50 9 36 10 
51 9 120 36 
52 10 174 11 
53 36 174 10 
54 11 189 12 
55 174 190 11 
56 11 190 189 
57 12 33 13 
58 12 189 33 
59 13 180 14 
60 33 180 13 
61 14 160 15 
62 14 82 37 
63 37 160 14 
64 14 180 82 
65 15 159 16 
66 15 160 159 
67 16 159 17 
68 17 45 18 
69 17 123 45 
70 17 159 123 
71 18 176 19 
72 45 176 18 
73 19 34 20 
74 19 176 34 
75 20 155 21 
76 34 155 20 
77 21 155 22 
78 22 161 23 
79 155 161 22 
80 23 150 24 
81 23 161 150 
82 24 186 25 
83 150 186 24 
84 25 171 26 
85 25 186 171 
86 26 38 27 
87 26 42 38 
88 26 171 42 
89 27 194 28 
90 38 194 27 
91 28 197 29 
92 194 197 28 
93 29 197 30 
94 30 198 31 
95 197 198 30 
96 31 202 32 
97 31 115 62 
98 62 202 31 
99 31 198 115 
100 202 203 32 
101 103 156 33 
102 33 189 103 
103 156 180 33 
104 34 78 77 
105 77 155 34 
106 34 134 78 
107 34 176 134 
108 35 145 42 
109 42 171 35 
110 35 185 145 
111 150 181 35 
112 35 186 150 
113 171 186 35 
114 181 185 35 
115 120 136 36 
116 136 177 36 
117 36 177 174 
118 82 90 37 
119 90 91 37 
120 91 104 37 
121 104 160 37 
122 42 43 38 
123 43 46 38 
124 46 138 38 
125 138 194 38 
126 39 121 120 
127 39 158 121 
128 146 158 39 
129 40 164 151 
130 40 192 164 
131 40 203 192 
132 138 182 41 
133 41 194 138 
134 182 191 41 
135 191 198 41 
136 41 197 194 
137 41 198 197 
138 42 145 43 
139 43 47 46 
140 43 196 47 
141 145 196 43 
142 72 73 44 
143 44 184 72 
144 73 86 44 
145 86 146 44 
146 123 131 45 
147 131 163 45 
148 163 176 45 
149 47 48 46 
150 48 149 46 
151 46 149 138 
152 47 49 48 
153 47 66 49 
154 47 196 66 
155 49 50 48 
156 50 85 48 
157 85 149 48 
158 49 51 50 
159 49 167 51 
160 66 167 49 
161 51 52 50 
162 52 144 50 
163 50 144 85 
164 51 53 52 
165 51 148 53 
166 51 167 148 
167 53 54 52 
168 54 67 52 
169 67 144 52 
170 53 55 54 
171 53 56 55 
172 53 148 56 
173 55 140 54 
174 54 107 67 
175 54 140 107 
176 56 57 55 
177 57 58 55 
178 58 140 55 
179 56 60 57 
180 56 89 60 
181 56 148 89 
182 57 59 58 
183 57 147 59 
184 60 147 57 
185 59 61 58 
186 61 130 58 
187 130 140 58 
188 59 63 61 
189 59 68 63 
190 59 147 68 
191 89 142 60 
192 142 166 60 
193 60 166 147 
194 63 64 61 
195 64 65 61 
196 65 130 61 
197 62 117 102 
198 102 202 62 
199 115 116 62 
200 116 117 62 
201 63 132 64 
202 68 74 63 
203 74 132 63 
204 64 69 65 
205 64 71 69 
206 64 132 71 
207 69 70 65 
208 70 76 65 
209 76 130 65 
210 154 167 66 
211 66 195 154 
212 66 196 195 
213 107 139 67 
214 139 162 67 
215 67 162 144 
216 68 75 74 
217 68 109 75 
218 68 147 109 
219 69 143 70 
220 71 92 69 
221 92 143 69 
222 70 129 76 
223 70 187 129 
224 143 187 70 
225 71 93 92 
226 71 98 93 
227 71 132 98 
228 72 157 73 
229 72 201 157 
230 184 201 72 
231 73 87 86 
232 73 88 87 
233 73 157 88 
234 75 199 74 
235 74 178 132 
236 74 199 178 
237 109 122 75 
238 122 141 75 
239 141 199 75 
240 129 152 76 
241 76 137 130 
242 76 152 137 
243 78 79 77 
244 79 111 77 
245 111 161 77 
246 77 161 155 
247 78 80 79 
248 78 168 80 
249 134 168 78 
250 80 81 79 
251 81 110 79 
252 110 111 79 
253 80 83 81 
254 80 84 83 
255 80 168 84 
256 83 101 81 
257 101 153 81 
258 81 153 110 
259 82 112 90 
260 82 180 112 
261 84 99 83 
262 99 125 83 
263 83 125 101 
264 84 100 99 
265 84 105 100 
266 84 168 105 
267 135 149 85 
268 85 170 135 
269 144 170 85 
270 87 113 86 
271 113 158 86 
272 86 158 146 
273 88 94 87 
274 94 129 87 
275 87 129 113 
276 88 95 94 
277 88 108 95 
278 88 157 108 
279 89 188 142 
280 148 154 89 
281 154 188 89 
282 90 124 91 
283 112 114 90 
284 114 124 90 
285 91 106 104 
286 91 141 106 
287 124 141 91 
288 93 136 92 
289 136 169 92 
290 92 169 143 
291 98 156 93 
292 93 177 136 
293 156 177 93 
294 95 96 94 
295 96 152 94 
296 94 152 129 
297 95 97 96 
298 95 173 97 
299 108 173 95 
300 97 139 96 
301 139 172 96 
302 96 172 152 
303 97 193 139 
304 97 173 165 
305 165 193 97 
306 132 178 98 
307 98 179 156 
308 178 179 98 
309 100 133 99 
310 99 142 125 
311 133 142 99 
312 105 128 100 
313 128 200 100 
314 100 200 133 
315 125 126 101 
316 126 127 101 
317 127 153 101 
318 117 119 102 
319 119 192 102 
320 192 203 102 
321 102 203 202 
322 103 177 156 
323 174 177 103 
324 103 190 174 
325 189 190 103 
326 106 131 104 
327 104 131 123 
328 123 160 104 
329 105 163 128 
330 105 168 163 
331 128 131 106 
332 106 183 128 
333 141 183 106 
334 107 140 137 
335 137 172 107 
336 107 172 139 
337 119 173 108 
338 108 192 119 
339 157 164 108 
340 164 192 108 
341 109 133 122 
342 109 166 133 
343 147 166 109 
344 110 150 111 
345 110 181 150 
346 153 181 110 
347 150 161 111 
348 112 179 114 
349 156 179 112 
350 112 180 156 
351 129 187 113 
352 113 175 158 
353 113 187 175 
354 114 178 124 
355 114 179 178 
356 115 135 116 
357 115 191 135 
358 115 198 191 
359 116 118 117 
360 116 170 118 
361 135 170 116 
362 118 165 117 
363 117 165 119 
364 118 170 162 
365 162 193 118 
366 118 193 165 
367 165 173 119 
368 121 169 120 
369 120 169 136 
370 158 175 121 
371 121 175 169 
372 133 200 122 
373 122 183 141 
374 122 200 183 
375 159 160 123 
376 124 199 141 
377 178 199 124 
378 125 188 126 
379 142 188 125 
380 126 195 127 
381 126 188 154 
382 154 195 126 
383 145 185 127 
384 127 195 145 
385 127 185 153 
386 128 163 131 
387 183 200 128 
388 137 140 130 
389 133 166 142 
390 163 168 134 
391 134 176 163 
392 135 182 149 
393 135 191 182 
394 152 172 137 
395 149 182 138 
396 139 193 162 
397 169 175 143 
398 175 187 143 
399 162 170 144 
400 195 196 145 
401 148 167 154 
402 164 201 151 
403 151 201 184 
404 153 185 181 
405 157 201 164 
2 3 2 380
406 2 209 1 
407 1 286 32 
408 209 286 1 
409 3 308 2 
410 2 308 209 
411 4 210 3 
412 210 308 3 
413 5 377 4 
414 4 314 210 
415 4 377 314 
416 6 204 5 
417 204 377 5 
418 7 329 6 
419 6 329 204 
420 8 217 7 
421 217 329 7 
422 9 347 8 
423 8 347 217 
424 10 208 9 
425 208 347 9 
426 11 218 10 
427 10 218 208 
428 12 364 11 
429 11 370 218 
430 364 370 11 
431 13 363 12 
432 363 364 12 
433 14 354 13 
434 13 354 280 
435 280 363 13 
436 15 353 14 
437 353 354 14 
438 16 352 15 
439 352 353 15 
440 17 207 16 
441 207 275 16 
442 275 352 16 
443 18 322 17 
444 17 322 207 
445 19 299 18 
446 299 322 18 
447 20 211 19 
448 211 299 19 
449 21 376 20 
450 20 376 211 
451 22 356 21 
452 212 301 21 
453 21 356 212 
454 301 376 21 
455 23 216 22 
456 216 356 22 
457 24 326 23 
458 23 326 216 
459 25 206 24 
460 206 326 24 
461 26 272 25 
462 25 272 206 
463 27 272 26 
464 28 215 27 
465 215 272 27 
466 29 330 28 
467 28 330 215 
468 30 214 29 
469 214 330 29 
470 31 220 30 
471 30 220 214 
472 32 338 31 
473 31 338 220 
474 286 338 32 
475 204 355 314 
476 314 377 204 
477 329 349 204 
478 349 355 204 
479 205 364 363 
480 363 375 205 
481 205 370 364 
482 205 375 370 
483 272 273 206 
484 273 293 206 
485 293 326 206 
486 207 276 275 
487 207 366 276 
488 322 366 207 
489 218 372 208 
490 208 367 347 
491 208 372 367 
492 209 325 286 
493 308 325 209 
494 210 361 308 
495 210 314 309 
496 309 361 210 
497 211 358 299 
498 211 376 358 
499 212 311 301 
500 212 333 311 
501 212 356 333 
502 213 285 280 
503 280 354 213 
504 213 327 285 
505 213 352 327 
506 213 353 352 
507 213 354 353 
508 220 221 214 
509 221 365 214 
510 214 365 330 
511 215 368 272 
512 330 348 215 
513 348 368 215 
514 216 326 293 
515 293 345 216 
516 345 369 216 
517 216 369 356 
518 217 339 316 
519 316 349 217 
520 217 349 329 
521 217 347 339 
522 370 371 218 
523 371 372 218 
524 219 360 323 
525 323 367 219 
526 334 360 219 
527 219 371 334 
528 367 372 219 
529 219 372 371 
530 220 223 221 
531 220 338 223 
532 223 224 221 
533 224 346 221 
534 346 365 221 
535 346 351 222 
536 222 365 346 
537 351 359 222 
538 359 373 222 
539 222 373 365 
540 223 225 224 
541 223 286 225 
542 223 338 286 
543 225 226 224 
544 226 332 224 
545 332 346 224 
546 225 227 226 
547 225 325 227 
548 286 325 225 
549 227 228 226 
550 228 229 226 
551 229 332 226 
552 227 263 228 
553 227 282 263 
554 227 325 282 
555 228 230 229 
556 228 340 230 
557 263 340 228 
558 230 231 229 
559 231 331 229 
560 331 332 229 
561 230 232 231 
562 230 307 232 
563 230 340 307 
564 232 233 231 
565 233 255 231 
566 255 331 231 
567 232 234 233 
568 232 235 234 
569 232 307 235 
570 234 312 233 
571 233 256 255 
572 233 312 256 
573 235 236 234 
574 236 237 234 
575 237 312 234 
576 235 240 236 
577 235 246 240 
578 235 307 246 
579 236 238 237 
580 236 318 238 
581 240 318 236 
582 238 239 237 
583 239 313 237 
584 237 313 312 
585 238 241 239 
586 238 243 241 
587 238 318 243 
588 241 242 239 
589 242 245 239 
590 245 313 239 
591 246 247 240 
592 247 284 240 
593 284 318 240 
594 241 300 242 
595 243 244 241 
596 244 300 241 
597 242 251 245 
598 242 264 251 
599 242 300 264 
600 243 248 244 
601 243 324 248 
602 318 324 243 
603 248 249 244 
604 249 250 244 
605 250 300 244 
606 251 274 245 
607 274 341 245 
608 245 341 313 
609 246 252 247 
610 246 296 252 
611 246 307 296 
612 252 253 247 
613 253 321 247 
614 247 321 284 
615 248 254 249 
616 248 262 254 
617 248 324 262 
618 249 304 250 
619 254 260 249 
620 260 304 249 
621 250 306 300 
622 304 305 250 
623 305 306 250 
624 264 265 251 
625 265 317 251 
626 251 317 274 
627 252 269 253 
628 252 328 269 
629 296 328 252 
630 269 270 253 
631 270 271 253 
632 271 321 253 
633 254 278 260 
634 262 357 254 
635 254 357 278 
636 256 257 255 
637 257 294 255 
638 294 331 255 
639 256 258 257 
640 256 288 258 
641 256 312 288 
642 258 259 257 
643 259 319 257 
644 257 319 294 
645 258 261 259 
646 258 310 261 
647 288 310 258 
648 261 266 259 
649 266 267 259 
650 267 319 259 
651 278 292 260 
652 292 342 260 
653 260 342 304 
654 261 287 266 
655 261 291 287 
656 261 310 291 
657 302 303 262 
658 262 337 302 
659 303 357 262 
660 324 337 262 
661 282 283 263 
662 283 350 263 
663 263 350 340 
664 264 268 265 
665 264 306 268 
666 300 306 264 
667 268 289 265 
668 289 290 265 
669 290 317 265 
670 266 343 267 
671 287 345 266 
672 266 345 343 
673 267 320 319 
674 267 336 320 
675 267 343 336 
676 268 295 289 
677 268 297 295 
678 268 306 297 
679 269 279 270 
680 269 309 279 
681 269 328 309 
682 270 277 271 
683 270 315 277 
684 279 315 270 
685 277 281 271 
686 281 302 271 
687 302 321 271 
688 272 368 273 
689 273 343 293 
690 336 343 273 
691 273 368 336 
692 317 344 274 
693 274 374 341 
694 344 374 274 
695 276 327 275 
696 327 352 275 
697 297 305 276 
698 276 366 297 
699 305 335 276 
700 276 335 327 
701 277 323 281 
702 315 316 277 
703 316 323 277 
704 278 298 292 
705 278 334 298 
706 278 357 334 
707 309 314 279 
708 314 355 279 
709 279 355 315 
710 285 362 280 
711 362 363 280 
712 281 303 302 
713 281 360 303 
714 323 360 281 
715 282 361 283 
716 282 325 308 
717 308 361 282 
718 309 328 283 
719 283 361 309 
720 328 350 283 
721 284 324 318 
722 321 337 284 
723 284 337 324 
724 285 342 292 
725 292 362 285 
726 327 378 285 
727 285 378 342 
728 291 333 287 
729 333 369 287 
730 287 369 345 
731 288 341 310 
732 312 313 288 
733 313 341 288 
734 289 358 290 
735 295 299 289 
736 299 358 289 
737 301 311 290 
738 290 358 301 
739 311 317 290 
740 310 374 291 
741 291 344 333 
742 291 374 344 
743 298 375 292 
744 292 375 362 
745 343 345 293 
746 319 359 294 
747 294 351 331 
748 294 359 351 
749 297 366 295 
750 295 322 299 
751 295 366 322 
752 307 340 296 
753 296 350 328 
754 340 350 296 
755 297 306 305 
756 334 371 298 
757 298 371 370 
758 370 375 298 
759 358 376 301 
760 302 337 321 
761 334 357 303 
762 303 360 334 
763 304 335 305 
764 304 378 335 
765 342 378 304 
766 341 374 310 
767 311 344 317 
768 333 344 311 
769 315 349 316 
770 315 355 349 
771 316 339 323 
772 320 359 319 
773 336 348 320 
774 348 373 320 
775 320 373 359 
776 339 367 323 
777 335 378 327 
778 330 373 348 
779 365 373 330 
780 331 351 332 
781 332 351 346 
782 356 369 333 
783 336 368 348 
784 347 367 339 
785 362 375 363 
3 1 4 2259
786 381 402 506 536 
787 407 438 307 464 
788 397 411 404 495 
789 380 435 430 492 
790 394 497 451 521 
791 246 307 438 464 
792 81 437 416 454 
793 81 416 437 502 
794 307 407 235 438 
795 246 307 235 438 
796 388 417 431 550 
797 400 517 466 536 
798 385 411 420 431 
799 381 402 416 506 
800 381 517 422 536 
801 379 420 411 431 
802 18 451 417 497 
803 388 431 417 451 
804 260 445 404 458 
805 395 420 403 421 
806 380 492 430 501 
807 382 400 472 517 
808 400 422 517 536 
809 51 434 491 516 
810 466 517 381 536 
811 231 440 407 482 
812 388 448 417 550 
813 231 482 407 573 
814 51 434 463 491 
815 380 430 401 501 
816 430 435 380 538 
817 420 452 379 460 
818 382 466 400 517 
819 380 425 397 483 
820 397 495 404 511 
821 379 420 431 452 
822 373 441 406 470 
823 382 400 450 472 
824 18 45 417 451 
825 286 426 507 510 
826 506 536 402 547 
827 388 431 451 506 
828 379 431 411 462 
829 149 444 450 472 
830 404 411 397 486 
831 407 440 231 513 
832 397 425 495 511 
833 91 430 448 453 
834 435 449 380 538 
835 113 485 461 541 
836 286 487 426 510 
837 47 472 400 478 
838 397 425 380 495 
839 207 443 417 476 
840 417 431 394 451 
841 312 494 313 540 
842 391 410 423 539 
843 326 405 293 480 
844 405 468 293 498 
845 403 420 395 542 
846 394 451 431 506 
847 404 495 425 511 
848 405 293 480 498 
849 247 438 467 489 
850 425 435 380 492 
851 494 496 313 540 
852 318 438 421 467 
853 417 448 388 451 
854 395 494 513 540 
855 353 520 476 522 
856 409 453 109 457 
857 317 251 447 557 
858 380 398 492 501 
859 114 124 178 430 
860 425 445 362 520 
861 422 478 381 536 
862 381 437 416 502 
863 102 202 203 459 
864 312 513 494 540 
865 389 420 403 542 
866 317 447 533 557 
867 430 453 178 538 
868 381 506 454 562 
869 395 420 421 535 
870 102 424 202 459 
871 381 506 429 536 
872 390 415 414 446 
873 113 461 413 541 
874 187 461 113 485 
875 380 501 401 527 
876 391 413 410 539 
877 284 247 438 467 
878 406 330 470 526 
879 381 416 454 506 
880 403 447 251 557 
881 385 403 420 504 
882 387 471 413 525 
883 91 124 430 453 
884 231 407 232 573 
885 416 506 402 547 
886 260 404 249 458 
887 267 470 408 549 
888 436 439 391 475 
889 381 416 402 502 
890 366 443 207 476 
891 151 459 433 564 
892 123 451 448 522 
893 151 40 459 564 
894 401 439 436 475 
895 314 415 414 490 
896 232 407 231 513 
897 353 398 520 522 
898 418 382 509 556 
899 262 404 357 442 
900 411 431 385 550 
901 383 518 487 556 
902 419 381 466 517 
903 448 451 417 522 
904 385 458 403 504 
905 420 504 421 535 
906 187 461 485 515 
907 251 447 403 496 
908 390 446 414 523 
909 231 232 230 573 
910 123 417 451 522 
911 404 445 425 495 
912 47 478 400 491 
913 235 438 407 513 
914 262 404 442 563 
915 354 398 353 544 
916 400 478 422 536 
917 267 408 470 498 
918 404 445 260 511 
919 418 419 382 465 
920 404 385 445 495 
921 366 443 476 531 
922 132 475 401 512 
923 79 81 416 454 
924 429 536 506 547 
925 412 436 130 474 
926 373 365 406 441 
927 387 413 471 539 
928 166 409 109 457 
929 54 463 434 474 
930 293 326 216 405 
931 293 405 216 468 
932 395 496 494 540 
933 354 353 398 520 
934 202 459 424 510 
935 414 415 314 519 
936 414 446 415 523 
937 401 453 430 538 
938 422 437 381 478 
939 203 459 202 510 
940 379 429 419 452 
941 386 558 436 570 
942 386 436 409 570 
943 151 433 456 564 
944 421 438 318 540 
945 380 435 425 545 
946 132 401 475 538 
947 357 442 404 511 
948 123 417 45 451 
949 149 472 450 516 
950 406 455 330 526 
951 382 419 418 466 
952 9 483 469 553 
953 110 437 81 454 
954 380 401 449 527 
955 178 430 124 453 
956 413 471 461 525 
957 410 390 423 539 
958 381 422 517 528 
959 403 421 420 504 
960 193 548 493 559 
961 451 497 176 521 
962 151 40 433 459 
963 197 444 455 481 
964 385 420 403 477 
965 388 462 429 570 
966 406 383 441 569 
967 386 439 558 570 
968 426 399 507 510 
969 381 429 419 466 
970 387 432 471 525 
971 247 464 438 489 
972 386 400 434 466 
973 267 319 470 549 
974 429 462 439 570 
975 322 417 443 497 
976 388 431 429 462 
977 393 428 407 523 
978 427 477 389 562 
979 426 487 399 510 
980 381 478 437 502 
981 391 439 436 558 
982 415 433 387 456 
983 381 419 429 452 
984 379 418 419 565 
985 400 491 434 516 
986 404 385 495 504 
987 394 431 417 477 
988 439 471 423 566 
989 389 477 452 562 
990 404 495 411 504 
991 419 379 452 460 
992 409 457 166 524 
993 395 447 403 542 
994 113 86 413 461 
995 400 386 434 463 
996 262 357 404 563 
997 26 455 422 526 
998 64 436 475 512 
999 387 415 446 534 
1000 130 436 412 515 
1001 47 400 49 491 
1002 410 413 390 539 
1003 431 452 420 477 
1004 499 548 193 559 
1005 487 518 399 556 
1006 304 445 260 458 
1007 124 90 91 430 
1008 406 481 382 556 
1009 389 420 452 477 
1010 422 480 26 526 
1011 384 428 420 552 
1012 403 427 389 533 
1013 47 43 472 478 
1014 318 421 243 467 
1015 411 462 431 550 
1016 388 501 448 550 
1017 132 512 401 538 
1018 381 452 506 562 
1019 47 400 472 516 
1020 383 487 406 556 
1021 122 109 453 457 
1022 422 472 43 478 
1023 380 425 483 545 
1024 389 452 420 460 
1025 400 386 463 536 
1026 19 497 505 521 
1027 387 433 415 534 
1028 501 527 462 570 
1029 379 431 429 452 
1030 137 412 130 474 
1031 403 420 389 477 
1032 430 492 398 501 
1033 439 565 471 566 
1034 353 352 476 520 
1035 397 495 380 503 
1036 66 478 47 491 
1037 403 389 447 533 
1038 395 421 403 496 
1039 379 419 429 565 
1040 64 475 132 512 
1041 292 362 425 445 
1042 436 558 439 570 
1043 402 491 188 524 
1044 383 426 407 482 
1045 390 410 423 503 
1046 384 420 504 552 
1047 387 446 415 539 
1048 249 260 254 404 
1049 435 492 425 545 
1050 439 462 527 570 
1051 132 178 512 538 
1052 113 413 86 541 
1053 400 450 434 543 
1054 79 81 80 416 
1055 394 477 427 562 
1056 418 466 419 565 
1057 403 458 421 504 
1058 81 416 502 530 
1059 247 240 284 438 
1060 32 202 424 510 
1061 418 509 465 556 
1062 416 437 381 454 
1063 91 453 448 508 
1064 274 317 251 447 
1065 307 407 464 488 
1066 407 428 393 518 
1067 429 466 381 536 
1068 394 452 477 562 
1069 403 447 389 542 
1070 400 434 466 543 
1071 391 423 410 527 
1072 249 404 254 563 
1073 3 415 456 529 
1074 407 426 383 518 
1075 411 486 404 504 
1076 444 455 382 472 
1077 132 475 71 538 
1078 406 487 383 569 
1079 423 439 391 471 
1080 385 398 445 495 
1081 8 469 410 484 
1082 31 424 481 510 
1083 249 458 404 563 
1084 403 447 395 496 
1085 415 456 387 539 
1086 383 426 487 518 
1087 401 527 501 570 
1088 407 523 428 535 
1089 393 407 464 523 
1090 465 509 418 534 
1091 413 391 471 539 
1092 235 407 307 513 
1093 286 426 225 507 
1094 390 413 410 484 
1095 284 247 467 489 
1096 415 446 393 523 
1097 353 476 352 522 
1098 135 450 444 554 
1099 330 406 29 455 
1100 286 225 426 487 
1101 33 430 435 492 
1102 398 385 445 476 
1103 466 543 434 571 
1104 461 471 432 525 
1105 91 448 430 544 
1106 91 430 90 544 
1107 197 455 406 481 
1108 414 415 393 523 
1109 394 477 417 497 
1110 418 465 382 556 
1111 54 53 463 474 
1112 382 517 406 556 
1113 256 312 233 440 
1114 45 17 18 417 
1115 381 478 502 536 
1116 423 390 503 552 
1117 246 438 247 464 
1118 382 418 509 543 
1119 256 312 440 494 
1120 410 413 391 541 
1121 135 149 444 450 
1122 391 461 413 471 
1123 89 188 491 524 
1124 49 51 491 516 
1125 199 178 124 453 
1126 246 240 247 438 
1127 334 360 442 568 
1128 397 380 483 503 
1129 49 400 47 516 
1130 33 435 430 538 
1131 381 517 419 528 
1132 493 548 396 559 
1133 440 494 312 513 
1134 422 472 400 517 
1135 425 492 380 495 
1136 197 29 406 455 
1137 312 233 440 513 
1138 79 416 80 521 
1139 178 114 430 538 
1140 109 453 409 512 
1141 382 424 509 556 
1142 314 414 279 490 
1143 385 420 411 504 
1144 381 502 402 536 
1145 400 463 434 491 
1146 384 420 428 535 
1147 314 519 415 529 
1148 419 466 429 565 
1149 486 503 390 552 
1150 403 389 427 477 
1151 270 271 479 489 
1152 238 421 318 540 
1153 398 522 353 544 
1154 382 455 406 517 
1155 8 484 410 541 
1156 409 524 386 547 
1157 259 267 408 549 
1158 3 456 433 529 
1159 262 442 467 563 
1160 396 548 499 559 
1161 386 466 434 571 
1162 384 404 486 504 
1163 251 403 242 496 
1164 402 386 524 547 
1165 3 415 4 456 
1166 365 406 441 569 
1167 314 279 414 519 
1168 442 479 271 489 
1169 379 419 418 465 
1170 423 446 390 552 
1171 404 397 442 486 
1172 434 450 144 548 
1173 345 293 216 468 
1174 243 318 238 421 
1175 334 442 511 568 
1176 404 384 442 467 
1177 130 412 137 515 
1178 411 420 379 552 
1179 384 404 442 486 
1180 330 373 406 470 
1181 79 454 416 521 
1182 51 434 52 463 
1183 404 384 467 504 
1184 392 405 498 514 
1185 410 391 485 541 
1186 414 464 269 489 
1187 123 17 45 417 
1188 22 405 161 473 
1189 379 429 431 462 
1190 407 464 523 535 
1191 292 260 445 511 
1192 407 488 426 518 
1193 337 467 302 489 
1194 354 492 398 544 
1195 262 302 337 467 
1196 398 380 492 495 
1197 423 439 379 462 
1198 264 403 251 557 
1199 47 49 66 491 
1200 394 505 497 521 
1201 379 439 423 566 
1202 79 110 81 454 
1203 385 443 417 477 
1204 408 498 468 514 
1205 92 449 71 475 
1206 381 528 452 562 
1207 511 553 371 568 
1208 426 383 487 569 
1209 414 479 315 490 
1210 54 474 434 499 
1211 405 480 326 574 
1212 409 386 524 537 
1213 144 450 434 516 
1214 386 463 524 537 
1215 394 454 506 562 
1216 387 418 509 534 
1217 254 404 357 563 
1218 434 499 474 571 
1219 385 443 403 572 
1220 270 479 414 489 
1221 381 437 422 551 
1222 394 454 416 506 
1223 387 418 534 566 
1224 468 498 405 514 
1225 242 496 403 555 
1226 264 242 251 403 
1227 304 260 249 458 
1228 382 450 444 472 
1229 307 464 296 488 
1230 379 428 420 460 
1231 429 439 386 547 
1232 349 479 469 490 
1233 465 534 418 566 
1234 120 169 121 485 
1235 413 461 86 525 
1236 92 449 475 485 
1237 107 412 137 474 
1238 386 400 466 536 
1239 407 393 488 518 
1240 142 166 457 524 
1241 138 444 182 472 
1242 354 398 492 520 
1243 382 472 455 517 
1244 366 476 276 531 
1245 385 477 417 550 
1246 266 408 498 560 
1247 264 242 403 555 
1248 444 450 382 554 
1249 430 453 401 501 
1250 188 491 402 502 
1251 392 406 470 526 
1252 49 491 400 516 
1253 409 436 386 537 
1254 446 486 390 552 
1255 384 414 486 489 
1256 75 453 109 512 
1257 259 319 267 549 
1258 182 444 149 472 
1259 397 483 425 545 
1260 385 403 443 477 
1261 385 403 458 572 
1262 81 437 153 502 
1263 266 408 259 498 
1264 414 415 390 490 
1265 402 386 463 524 
1266 401 501 453 570 
1267 251 245 447 496 
1268 408 549 494 560 
1269 278 254 260 404 
1270 379 565 439 566 
1271 399 465 509 556 
1272 384 486 442 489 
1273 408 259 549 560 
1274 278 404 260 511 
1275 494 549 258 560 
1276 266 259 408 560 
1277 422 455 38 472 
1278 386 547 439 570 
1279 9 469 347 553 
1280 373 222 365 441 
1281 415 539 390 546 
1282 176 497 19 521 
1283 404 504 467 563 
1284 456 539 415 546 
1285 267 259 408 498 
1286 399 509 465 534 
1287 17 18 417 497 
1288 426 488 393 518 
1289 285 362 445 520 
1290 385 431 420 477 
1291 424 444 382 554 
1292 417 477 431 550 
1293 284 438 318 467 
1294 259 258 549 560 
1295 307 407 232 513 
1296 348 470 330 526 
1297 397 411 495 503 
1298 417 443 385 476 
1299 392 405 480 498 
1300 120 121 410 485 
1301 370 371 511 553 
1302 389 408 468 514 
1303 18 176 451 497 
1304 383 407 518 561 
1305 341 313 494 496 
1306 144 499 434 548 
1307 382 444 424 481 
1308 26 38 422 455 
1309 434 474 386 571 
1310 28 330 29 455 
1311 383 407 440 482 
1312 292 445 425 511 
1313 289 497 443 557 
1314 382 465 419 500 
1315 133 166 109 457 
1316 438 384 467 489 
1317 428 518 407 561 
1318 303 334 360 442 
1319 345 293 468 498 
1320 411 495 385 504 
1321 393 464 407 488 
1322 399 481 424 510 
1323 14 354 353 544 
1324 97 193 493 559 
1325 102 424 459 493 
1326 27 455 26 526 
1327 51 52 53 463 
1328 415 393 446 534 
1329 481 487 338 510 
1330 341 494 447 496 
1331 215 330 455 526 
1332 400 472 422 478 
1333 307 488 340 573 
1334 151 433 3 456 
1335 442 486 414 489 
1336 71 475 449 538 
1337 221 487 406 569 
1338 379 460 419 465 
1339 425 445 404 511 
1340 381 405 528 562 
1341 188 142 402 524 
1342 417 451 394 497 
1343 457 506 388 567 
1344 403 533 447 557 
1345 365 221 406 569 
1346 410 485 121 541 
1347 379 428 460 465 
1348 188 402 142 530 
1349 315 414 270 479 
1350 254 278 357 404 
1351 469 484 217 490 
1352 155 473 454 505 
1353 107 412 474 499 
1354 123 17 417 522 
1355 382 465 500 556 
1356 390 414 486 523 
1357 227 488 426 573 
1358 399 487 481 510 
1359 23 405 326 574 
1360 393 415 414 519 
1361 438 464 384 489 
1362 463 491 400 536 
1363 262 442 302 467 
1364 269 464 414 519 
1365 307 407 488 573 
1366 412 474 499 571 
1367 109 166 147 409 
1368 302 467 442 489 
1369 243 467 421 563 
1370 380 410 503 527 
1371 448 453 430 501 
1372 393 415 529 534 
1373 303 442 357 511 
1374 402 463 386 536 
1375 31 32 202 424 
1376 426 507 399 518 
1377 319 441 359 470 
1378 392 455 406 526 
1379 357 404 278 511 
1380 415 446 390 539 
1381 445 495 398 520 
1382 439 547 429 570 
1383 289 427 497 557 
1384 476 520 398 522 
1385 197 406 29 481 
1386 394 452 431 477 
1387 399 518 507 534 
1388 131 448 123 451 
1389 303 334 442 511 
1390 197 444 41 455 
1391 147 512 409 537 
1392 9 10 483 553 
1393 386 439 429 565 
1394 3 4 415 529 
1395 421 504 384 535 
1396 365 330 373 406 
1397 467 504 421 563 
1398 398 495 385 550 
1399 452 528 514 562 
1400 142 524 457 530 
1401 421 540 238 555 
1402 331 482 441 549 
1403 451 388 506 567 
1404 380 462 501 527 
1405 437 478 422 551 
1406 381 452 429 506 
1407 424 382 450 554 
1408 417 477 443 497 
1409 460 383 561 575 
1410 122 457 453 508 
1411 398 385 476 550 
1412 349 316 469 479 
1413 147 409 166 524 
1414 272 26 480 526 
1415 319 441 470 549 
1416 421 467 384 504 
1417 446 465 428 566 
1418 420 428 379 552 
1419 391 471 439 558 
1420 59 436 512 537 
1421 409 547 386 570 
1422 50 434 51 516 
1423 415 490 377 546 
1424 423 471 391 539 
1425 383 440 407 561 
1426 233 231 440 513 
1427 235 307 232 513 
1428 194 455 444 472 
1429 273 480 498 526 
1430 23 216 326 405 
1431 433 529 415 534 
1432 194 444 138 472 
1433 384 504 420 535 
1434 460 408 514 575 
1435 274 251 245 447 
1436 398 476 445 520 
1437 380 495 398 501 
1438 351 294 331 441 
1439 388 453 448 501 
1440 31 32 424 510 
1441 392 498 408 514 
1442 67 54 434 499 
1443 424 115 481 554 
1444 188 502 402 530 
1445 426 488 227 507 
1446 4 456 415 546 
1447 428 465 446 534 
1448 133 142 166 457 
1449 91 141 453 508 
1450 26 27 38 455 
1451 433 456 415 529 
1452 271 442 281 479 
1453 331 440 231 482 
1454 161 454 155 473 
1455 351 441 331 482 
1456 140 137 130 474 
1457 93 71 92 449 
1458 49 51 167 491 
1459 383 441 440 575 
1460 424 382 509 543 
1461 67 54 52 434 
1462 405 562 381 574 
1463 149 450 85 516 
1464 151 164 40 564 
1465 391 449 410 485 
1466 129 461 187 515 
1467 318 284 240 438 
1468 59 436 61 512 
1469 423 503 410 527 
1470 429 431 388 506 
1471 396 432 471 509 
1472 393 529 433 534 
1473 384 489 464 523 
1474 110 153 81 437 
1475 317 447 274 533 
1476 197 28 29 455 
1477 381 419 452 528 
1478 406 441 383 575 
1479 140 107 137 474 
1480 156 430 112 538 
1481 443 497 427 557 
1482 427 533 403 557 
1483 64 436 65 475 
1484 421 438 384 467 
1485 292 260 342 445 
1486 42 422 478 551 
1487 411 385 495 550 
1488 514 528 405 562 
1489 207 476 417 522 
1490 386 402 536 547 
1491 399 459 509 534 
1492 381 422 528 551 
1493 391 410 449 527 
1494 119 432 493 564 
1495 413 390 539 546 
1496 406 500 383 556 
1497 421 438 395 535 
1498 294 331 441 549 
1499 386 536 429 547 
1500 374 447 291 533 
1501 433 459 456 564 
1502 189 492 435 545 
1503 409 453 388 570 
1504 337 302 321 489 
1505 460 561 542 575 
1506 390 486 446 523 
1507 384 438 421 535 
1508 392 514 408 575 
1509 440 482 331 549 
1510 277 270 271 479 
1511 107 172 137 412 
1512 407 482 426 573 
1513 436 439 401 570 
1514 388 457 409 547 
1515 450 472 400 516 
1516 56 463 55 537 
1517 424 450 382 543 
1518 15 353 522 544 
1519 410 484 413 541 
1520 277 271 281 479 
1521 47 472 46 516 
1522 88 95 432 461 
1523 388 453 409 457 
1524 421 458 244 563 
1525 388 547 409 570 
1526 165 97 193 493 
1527 130 436 58 474 
1528 187 129 113 461 
1529 434 450 400 516 
1530 404 442 397 511 
1531 80 521 416 567 
1532 341 313 288 494 
1533 18 176 45 451 
1534 356 468 405 473 
1535 156 180 112 430 
1536 279 414 315 490 
1537 40 433 459 510 
1538 349 469 217 490 
1539 381 562 454 574 
1540 401 475 436 512 
1541 147 59 512 537 
1542 390 469 410 503 
1543 289 427 358 497 
1544 17 417 322 497 
1545 402 524 142 530 
1546 366 207 276 476 
1547 397 553 511 568 
1548 7 469 8 484 
1549 399 433 507 510 
1550 410 469 390 484 
1551 138 182 149 472 
1552 380 483 435 545 
1553 411 495 462 550 
1554 414 489 384 523 
1555 202 102 62 424 
1556 404 467 442 563 
1557 399 509 424 556 
1558 335 476 445 531 
1559 292 285 362 445 
1560 231 331 255 440 
1561 89 491 463 524 
1562 384 504 411 552 
1563 397 469 486 503 
1564 117 493 548 554 
1565 172 412 107 499 
1566 380 411 462 503 
1567 319 359 320 470 
1568 431 462 388 501 
1569 131 448 451 508 
1570 386 474 463 537 
1571 289 295 443 497 
1572 387 509 459 534 
1573 387 456 433 459 
1574 119 432 173 493 
1575 43 42 422 478 
1576 41 444 194 455 
1577 102 62 424 493 
1578 407 426 488 573 
1579 356 216 405 468 
1580 2 151 40 433 
1581 353 213 352 520 
1582 408 542 561 575 
1583 84 416 80 530 
1584 441 549 440 575 
1585 26 480 422 551 
1586 385 404 445 458 
1587 420 411 504 552 
1588 399 507 433 534 
1589 432 88 461 525 
1590 244 458 421 555 
1591 390 486 469 503 
1592 168 521 80 567 
1593 380 410 483 503 
1594 318 243 324 467 
1595 309 519 314 529 
1596 414 464 489 523 
1597 424 548 493 554 
1598 52 51 50 434 
1599 264 555 403 572 
1600 396 471 432 559 
1601 388 501 462 570 
1602 68 75 109 512 
1603 307 246 296 464 
1604 283 507 519 529 
1605 392 470 500 575 
1606 446 534 465 566 
1607 388 453 501 570 
1608 120 410 121 541 
1609 119 493 459 564 
1610 454 505 473 562 
1611 64 61 65 436 
1612 413 539 456 546 
1613 283 507 488 519 
1614 354 213 353 520 
1615 491 502 478 536 
1616 436 474 386 537 
1617 152 461 412 559 
1618 382 481 424 556 
1619 390 413 484 546 
1620 91 141 124 453 
1621 9 347 208 553 
1622 9 483 10 532 
1623 439 558 471 565 
1624 396 450 424 543 
1625 147 59 68 512 
1626 418 471 565 566 
1627 303 262 357 442 
1628 331 255 440 549 
1629 61 436 59 537 
1630 24 326 480 574 
1631 429 452 431 506 
1632 80 416 84 567 
1633 58 474 436 537 
1634 124 114 90 430 
1635 235 240 246 438 
1636 264 403 557 572 
1637 406 517 500 556 
1638 26 171 25 551 
1639 394 451 416 521 
1640 468 533 291 560 
1641 262 254 357 563 
1642 215 348 330 526 
1643 395 438 421 540 
1644 206 273 480 498 
1645 416 451 394 506 
1646 391 485 461 515 
1647 387 413 456 525 
1648 136 93 92 449 
1649 70 143 475 485 
1650 392 470 406 500 
1651 463 474 55 537 
1652 152 412 461 515 
1653 113 87 86 461 
1654 393 415 519 529 
1655 387 471 432 509 
1656 396 412 471 559 
1657 385 476 443 531 
1658 384 523 464 535 
1659 209 507 433 510 
1660 460 514 408 542 
1661 397 469 479 486 
1662 144 85 450 516 
1663 389 473 427 562 
1664 375 205 370 425 
1665 428 518 465 534 
1666 426 482 383 569 
1667 93 71 449 538 
1668 402 491 463 536 
1669 79 80 78 521 
1670 370 511 545 553 
1671 359 441 373 470 
1672 22 161 155 473 
1673 399 433 459 534 
1674 383 465 518 556 
1675 408 542 440 561 
1676 126 491 188 502 
1677 144 450 170 548 
1678 217 469 7 484 
1679 74 132 178 512 
1680 174 435 532 545 
1681 22 216 23 405 
1682 483 532 435 545 
1683 471 539 423 566 
1684 397 545 511 553 
1685 422 392 480 526 
1686 399 487 426 518 
1687 175 485 113 541 
1688 92 475 143 485 
1689 412 558 474 571 
1690 334 511 371 568 
1691 2 433 40 510 
1692 374 291 447 560 
1693 380 462 423 503 
1694 422 455 392 526 
1695 292 362 375 425 
1696 399 459 424 509 
1697 290 317 533 557 
1698 469 483 410 503 
1699 56 524 463 537 
1700 392 455 422 517 
1701 38 43 422 472 
1702 383 460 428 465 
1703 214 481 406 487 
1704 386 474 558 571 
1705 16 207 417 522 
1706 155 505 454 521 
1707 381 528 405 574 
1708 63 64 132 512 
1709 65 436 130 515 
1710 8 120 410 532 
1711 413 387 456 539 
1712 408 549 470 575 
1713 4 415 377 546 
1714 47 46 48 516 
1715 406 500 470 575 
1716 10 532 483 545 
1717 439 527 401 570 
1718 390 490 415 546 
1719 384 464 438 535 
1720 358 497 427 505 
1721 447 291 533 560 
1722 440 441 383 482 
1723 394 427 477 497 
1724 410 380 449 527 
1725 392 480 405 528 
1726 122 133 109 457 
1727 84 416 530 567 
1728 382 500 419 517 
1729 66 196 47 478 
1730 388 431 501 550 
1731 442 479 414 486 
1732 356 405 22 473 
1733 135 85 149 450 
1734 390 479 469 486 
1735 425 495 445 520 
1736 419 514 452 528 
1737 380 435 483 532 
1738 26 25 480 551 
1739 266 498 468 560 
1740 359 441 319 549 
1741 436 512 409 570 
1742 290 533 427 557 
1743 373 359 222 441 
1744 392 405 514 528 
1745 206 480 293 498 
1746 324 467 243 563 
1747 401 512 436 570 
1748 87 86 461 525 
1749 307 296 340 488 
1750 389 408 514 542 
1751 75 122 109 453 
1752 315 279 270 414 
1753 89 148 463 491 
1754 81 153 101 502 
1755 446 428 552 566 
1756 387 456 459 564 
1757 174 190 435 545 
1758 396 450 434 548 
1759 396 434 499 548 
1760 320 267 319 470 
1761 93 449 177 538 
1762 397 511 442 568 
1763 424 450 396 548 
1764 256 494 440 549 
1765 393 507 518 534 
1766 327 378 335 445 
1767 390 414 479 486 
1768 65 475 436 515 
1769 191 444 198 554 
1770 132 64 71 475 
1771 221 214 365 406 
1772 424 459 399 510 
1773 221 214 406 487 
1774 451 521 134 567 
1775 418 382 466 543 
1776 115 424 62 554 
1777 380 462 411 495 
1778 301 427 290 533 
1779 448 522 417 550 
1780 55 463 53 474 
1781 239 540 496 555 
1782 88 94 95 461 
1783 188 125 502 530 
1784 233 232 231 513 
1785 428 446 393 534 
1786 391 439 423 527 
1787 416 506 457 567 
1788 409 524 147 537 
1789 365 441 222 569 
1790 182 135 149 444 
1791 384 411 486 552 
1792 390 484 490 546 
1793 205 425 364 545 
1794 407 535 428 561 
1795 17 16 417 522 
1796 446 523 486 552 
1797 377 490 204 546 
1798 137 412 152 515 
1799 312 288 313 494 
1800 70 485 475 515 
1801 17 207 322 417 
1802 416 402 530 547 
1803 229 482 231 573 
1804 8 347 9 469 
1805 423 462 411 503 
1806 384 486 414 523 
1807 165 173 97 493 
1808 389 405 468 473 
1809 127 437 185 478 
1810 411 462 423 552 
1811 216 22 356 405 
1812 420 395 542 561 
1813 428 393 518 534 
1814 132 71 98 538 
1815 313 237 312 540 
1816 267 266 259 498 
1817 51 148 167 491 
1818 47 196 43 478 
1819 389 460 420 542 
1820 427 473 301 505 
1821 408 460 542 575 
1822 327 445 335 476 
1823 396 471 412 571 
1824 187 485 70 515 
1825 408 389 468 560 
1826 385 404 458 504 
1827 402 457 524 530 
1828 460 514 500 575 
1829 359 373 320 470 
1830 380 449 435 532 
1831 244 421 243 555 
1832 29 406 214 481 
1833 107 474 54 499 
1834 144 162 499 548 
1835 432 471 461 559 
1836 206 293 273 498 
1837 387 432 525 564 
1838 389 468 405 514 
1839 295 289 443 557 
1840 398 522 448 550 
1841 374 291 344 533 
1842 406 383 500 575 
1843 387 459 433 534 
1844 272 27 26 526 
1845 194 38 455 472 
1846 301 473 427 533 
1847 26 422 171 551 
1848 161 405 23 574 
1849 123 159 17 522 
1850 211 497 358 505 
1851 459 493 432 564 
1852 440 549 408 575 
1853 389 405 473 562 
1854 402 502 491 536 
1855 397 486 411 503 
1856 143 92 69 475 
1857 333 291 468 533 
1858 8 9 120 532 
1859 42 478 145 551 
1860 209 286 507 510 
1861 173 119 108 432 
1862 417 476 385 550 
1863 200 457 122 508 
1864 385 431 477 550 
1865 297 443 366 531 
1866 236 438 235 513 
1867 114 179 112 430 
1868 85 450 135 554 
1869 104 123 131 448 
1870 283 361 507 529 
1871 255 256 440 549 
1872 102 117 62 493 
1873 418 387 471 566 
1874 17 16 207 417 
1875 414 479 442 489 
1876 286 223 225 487 
1877 113 86 158 541 
1878 22 23 161 405 
1879 379 465 418 566 
1880 252 464 269 519 
1881 386 536 466 565 
1882 226 482 426 569 
1883 423 462 379 552 
1884 470 549 441 575 
1885 469 479 339 568 
1886 412 461 391 471 
1887 420 535 395 561 
1888 146 484 413 546 
1889 303 357 334 511 
1890 386 429 536 565 
1891 414 390 479 490 
1892 184 3 4 456 
1893 169 120 136 532 
1894 416 454 394 521 
1895 391 475 449 485 
1896 198 444 481 554 
1897 126 154 188 491 
1898 387 525 456 564 
1899 136 93 449 532 
1900 236 318 438 540 
1901 173 432 95 559 
1902 363 364 205 425 
1903 243 421 244 563 
1904 399 459 433 510 
1905 10 174 532 545 
1906 408 542 389 560 
1907 59 61 63 512 
1908 84 80 83 530 
1909 416 530 457 547 
1910 292 342 285 445 
1911 194 138 38 472 
1912 322 443 295 497 
1913 172 412 499 559 
1914 398 492 430 544 
1915 426 487 225 569 
1916 187 113 175 485 
1917 395 421 496 540 
1918 37 91 90 544 
1919 419 460 452 514 
1920 251 242 245 496 
1921 416 402 502 530 
1922 411 503 486 552 
1923 142 457 133 530 
1924 466 536 429 565 
1925 231 255 233 440 
1926 158 175 113 541 
1927 301 358 427 505 
1928 263 227 488 507 
1929 434 463 386 474 
1930 421 458 403 555 
1931 217 349 316 469 
1932 108 432 119 564 
1933 271 302 442 489 
1934 461 471 412 559 
1935 383 428 460 561 
1936 1 2 40 510 
1937 70 143 69 475 
1938 469 390 484 490 
1939 24 23 326 574 
1940 140 130 58 474 
1941 420 460 428 561 
1942 384 486 411 504 
1943 394 427 505 562 
1944 416 457 506 547 
1945 371 553 372 568 
1946 10 545 483 553 
1947 304 342 260 445 
1948 152 412 172 559 
1949 393 446 428 523 
1950 40 459 203 510 
1951 200 457 508 567 
1952 445 458 304 531 
1953 131 123 45 451 
1954 229 231 230 573 
1955 54 55 53 474 
1956 382 419 466 517 
1957 176 134 451 521 
1958 380 495 411 503 
1959 392 408 498 575 
1960 383 482 441 569 
1961 151 456 201 564 
1962 20 505 155 521 
1963 110 437 454 574 
1964 358 290 301 427 
1965 397 479 442 486 
1966 314 377 415 490 
1967 100 84 530 567 
1968 289 358 299 497 
1969 420 428 535 561 
1970 99 133 457 530 
1971 249 244 458 563 
1972 399 424 481 556 
1973 70 187 143 485 
1974 177 449 93 532 
1975 403 496 421 555 
1976 296 488 464 519 
1977 410 485 449 532 
1978 115 31 424 481 
1979 411 379 462 552 
1980 263 488 227 573 
1981 316 339 469 479 
1982 405 389 514 562 
1983 375 292 425 511 
1984 395 494 440 513 
1985 13 492 354 544 
1986 388 448 453 508 
1987 179 430 114 538 
1988 396 424 509 543 
1989 89 188 154 491 
1990 407 513 535 561 
1991 37 448 91 544 
1992 381 454 437 574 
1993 314 309 279 519 
1994 99 142 133 530 
1995 295 322 366 443 
1996 51 463 148 491 
1997 292 278 260 511 
1998 152 137 172 412 
1999 209 308 433 507 
2000 387 539 471 566 
2001 226 426 482 573 
2002 383 500 465 556 
2003 282 488 283 507 
2004 296 464 328 519 
2005 219 334 371 568 
2006 370 425 205 545 
2007 200 100 457 567 
2008 388 506 457 547 
2009 123 448 104 522 
2010 281 479 442 568 
2011 420 542 460 561 
2012 389 468 447 533 
2013 97 173 95 559 
2014 181 551 437 574 
2015 345 468 266 498 
2016 396 434 450 543 
2017 440 513 407 561 
2018 407 438 464 535 
2019 325 286 225 507 
2020 394 506 452 562 
2021 380 462 495 501 
2022 390 446 423 539 
2023 384 486 523 552 
2024 447 494 395 496 
2025 252 464 247 489 
2026 250 458 244 555 
2027 443 477 427 497 
2028 447 468 389 560 
2029 303 302 262 442 
2030 395 535 513 561 
2031 17 322 18 497 
2032 7 217 8 469 
2033 214 330 365 406 
2034 233 255 256 440 
2035 469 479 390 490 
2036 266 468 287 560 
2037 416 521 451 567 
2038 436 515 391 558 
2039 386 474 436 558 
2040 209 433 2 510 
2041 330 28 215 455 
2042 227 426 226 573 
2043 257 494 256 549 
2044 61 130 65 436 
2045 244 243 241 555 
2046 193 165 493 548 
2047 3 433 308 529 
2048 25 272 26 480 
2049 351 441 482 569 
2050 425 492 364 545 
2051 106 104 131 448 
2052 438 513 236 540 
2053 436 475 391 515 
2054 205 375 363 425 
2055 458 555 250 572 
2056 336 498 470 526 
2057 345 216 369 468 
2058 431 452 394 506 
2059 91 448 106 508 
2060 100 84 99 530 
2061 392 498 480 526 
2062 67 434 144 499 
2063 170 144 85 450 
2064 202 62 31 424 
2065 76 130 137 515 
2066 33 156 435 538 
2067 442 467 384 489 
2068 434 543 396 571 
2069 463 491 402 524 
2070 453 457 388 508 
2071 151 2 3 433 
2072 237 513 312 540 
2073 442 479 397 568 
2074 396 499 434 571 
2075 100 530 457 567 
2076 351 222 441 569 
2077 392 500 514 575 
2078 391 449 475 527 
2079 94 461 152 559 
2080 468 473 333 533 
2081 181 437 110 574 
2082 282 283 361 507 
2083 411 423 503 552 
2084 128 508 451 567 
2085 257 259 258 549 
2086 199 453 75 512 
2087 279 269 414 519 
2088 46 47 43 472 
2089 396 493 432 509 
2090 197 41 194 455 
2091 356 369 216 468 
2092 358 289 290 427 
2093 398 476 522 550 
2094 273 498 336 526 
2095 102 459 119 493 
2096 412 499 396 571 
2097 171 422 42 551 
2098 316 339 479 568 
2099 15 14 353 544 
2100 131 106 448 508 
2101 284 321 247 489 
2102 58 130 61 436 
2103 224 225 487 569 
2104 380 423 462 527 
2105 375 425 370 511 
2106 192 119 459 564 
2107 155 454 77 521 
2108 396 509 471 571 
2109 449 475 401 538 
2110 392 422 480 528 
2111 387 534 446 566 
2112 452 460 389 514 
2113 383 465 428 518 
2114 389 427 473 533 
2115 417 522 476 550 
2116 391 461 412 515 
2117 146 413 484 541 
2118 31 62 115 424 
2119 305 531 458 572 
2120 29 330 214 406 
2121 488 507 393 519 
2122 61 58 436 537 
2123 338 487 286 510 
2124 117 548 116 554 
2125 387 418 471 509 
2126 326 293 206 480 
2127 425 511 397 545 
2128 370 511 425 545 
2129 384 523 428 552 
2130 138 41 182 444 
2131 464 519 393 523 
2132 199 75 74 512 
2133 432 493 396 559 
2134 387 432 459 509 
2135 416 451 506 567 
2136 131 451 128 508 
2137 257 258 494 549 
2138 120 121 39 541 
2139 363 364 425 492 
2140 478 491 195 502 
2141 318 240 236 438 
2142 351 346 222 569 
2143 395 494 447 542 
2144 387 459 432 564 
2145 290 427 289 557 
2146 38 43 42 422 
2147 383 460 465 500 
2148 2 308 3 433 
2149 457 530 402 547 
2150 422 455 472 517 
2151 397 479 469 568 
2152 391 412 471 558 
2153 272 480 273 526 
2154 473 505 427 562 
2155 281 442 360 568 
2156 188 142 125 530 
2157 401 475 449 527 
2158 445 476 327 520 
2159 36 9 10 532 
2160 211 299 358 497 
2161 402 524 457 547 
2162 424 481 444 554 
2163 393 519 507 529 
2164 112 82 90 430 
2165 393 507 426 518 
2166 314 415 210 529 
2167 122 453 183 508 
2168 42 171 26 422 
2169 170 450 85 554 
2170 265 251 317 557 
2171 363 425 362 520 
2172 457 524 409 547 
2173 57 524 56 537 
2174 57 147 524 537 
2175 53 55 56 463 
2176 168 78 80 521 
2177 419 465 460 500 
2178 371 372 219 568 
2179 100 99 457 530 
2180 471 509 418 571 
2181 346 365 222 569 
2182 310 447 341 494 
2183 393 488 426 507 
2184 49 50 51 516 
2185 431 462 501 550 
2186 400 491 478 536 
2187 406 470 441 575 
2188 103 174 190 435 
2189 447 533 468 560 
2190 382 500 517 556 
2191 162 193 499 548 
2192 305 304 458 531 
2193 176 18 19 497 
2194 76 137 152 515 
2195 1 209 2 510 
2196 114 112 90 430 
2197 307 340 230 573 
2198 227 225 426 507 
2199 330 348 373 470 
2200 388 451 448 508 
2201 198 481 115 554 
2202 57 56 55 537 
2203 392 517 422 528 
2204 217 316 339 469 
2205 398 448 501 550 
2206 441 482 440 549 
2207 412 396 499 559 
2208 4 184 456 546 
2209 204 490 484 546 
2210 325 209 286 507 
2211 200 133 122 457 
2212 300 250 555 572 
2213 314 377 4 415 
2214 351 482 332 569 
2215 209 308 2 433 
2216 33 430 156 538 
2217 38 42 26 422 
2218 60 57 147 524 
2219 341 447 245 496 
2220 308 433 507 529 
2221 395 513 440 561 
2222 128 451 163 567 
2223 104 91 37 448 
2224 388 429 547 570 
2225 10 174 36 532 
2226 363 492 425 520 
2227 210 415 4 529 
2228 146 86 413 541 
2229 62 117 116 554 
2230 200 508 128 567 
2231 4 377 5 546 
2232 290 265 317 557 
2233 140 54 107 474 
2234 327 378 445 520 
2235 266 261 259 560 
2236 9 208 10 553 
2237 364 492 12 545 
2238 312 237 234 513 
2239 283 519 361 529 
2240 139 499 193 559 
2241 331 294 255 549 
2242 269 270 279 414 
2243 263 488 282 507 
2244 338 481 220 487 
2245 383 518 428 561 
2246 183 453 141 508 
2247 163 451 134 567 
2248 236 240 235 438 
2249 33 180 430 492 
2250 370 371 298 511 
2251 309 314 210 529 
2252 447 389 542 560 
2253 437 478 127 502 
2254 424 396 493 548 
2255 279 315 355 490 
2256 363 280 492 520 
2257 250 305 458 572 
2258 180 430 492 544 
2259 252 328 296 464 
2260 276 297 366 531 
2261 253 252 247 489 
2262 155 21 22 473 
2263 351 331 332 482 
2264 460 500 383 575 
2265 126 195 491 502 
2266 168 80 84 567 
2267 287 266 345 468 
2268 90 430 82 544 
2269 414 519 464 523 
2270 192 102 203 459 
2271 112 430 179 538 
2272 443 531 297 572 
2273 380 503 423 527 
2274 32 203 202 510 
2275 271 302 281 442 
2276 399 518 465 556 
2277 333 473 212 533 
2278 268 443 297 572 
2279 255 257 256 549 
2280 257 258 256 494 
2281 128 131 163 451 
2282 379 418 565 566 
2283 67 52 144 434 
2284 155 21 473 505 
2285 436 474 412 558 
2286 234 236 235 513 
2287 197 194 28 455 
2288 289 299 295 497 
2289 432 493 459 509 
2290 427 403 477 557 
2291 91 106 141 508 
2292 392 419 517 528 
2293 79 77 454 521 
2294 396 424 493 509 
2295 375 362 363 425 
2296 152 461 129 515 
2297 88 525 432 564 
2298 27 194 38 455 
2299 335 445 304 531 
2300 389 473 468 533 
2301 69 92 71 475 
2302 332 482 226 569 
2303 300 250 244 555 
2304 212 473 301 533 
2305 43 145 42 478 
2306 398 492 425 495 
2307 304 335 378 445 
2308 197 198 444 481 
2309 408 494 440 542 
2310 427 477 443 557 
2311 385 445 476 531 
2312 89 154 148 491 
2313 41 198 191 444 
2314 414 393 519 523 
2315 200 128 100 567 
2316 281 323 479 568 
2317 19 497 211 505 
2318 148 56 89 463 
2319 44 413 86 525 
2320 168 134 521 567 
2321 277 315 270 479 
2322 104 448 160 522 
2323 153 437 127 502 
2324 425 398 495 520 
2325 48 49 47 516 
2326 89 463 56 524 
2327 389 514 460 542 
2328 178 179 114 538 
2329 185 35 145 551 
2330 127 185 145 478 
2331 17 159 16 522 
2332 443 477 403 557 
2333 397 483 469 503 
2334 122 141 183 453 
2335 440 494 395 542 
2336 144 434 50 516 
2337 355 314 279 490 
2338 191 198 115 554 
2339 496 540 421 555 
2340 297 531 305 572 
2341 274 245 341 447 
2342 220 481 214 487 
2343 281 323 277 479 
2344 250 305 304 458 
2345 303 360 281 442 
2346 412 515 436 558 
2347 44 146 413 546 
2348 250 249 244 458 
2349 267 470 336 498 
2350 252 328 464 519 
2351 246 247 252 464 
2352 329 484 204 490 
2353 271 321 302 489 
2354 310 447 494 560 
2355 40 203 1 510 
2356 396 543 509 571 
2357 481 487 399 556 
2358 301 290 311 533 
2359 153 110 181 437 
2360 452 514 389 562 
2361 193 118 165 548 
2362 44 413 525 546 
2363 392 514 419 528 
2364 102 192 119 459 
2365 341 245 313 496 
2366 280 363 362 520 
2367 13 354 14 544 
2368 395 440 542 561 
2369 253 271 270 489 
2370 349 315 479 490 
2371 376 301 473 505 
2372 412 391 515 558 
2373 276 207 275 476 
2374 450 548 424 554 
2375 266 287 261 560 
2376 227 226 228 573 
2377 70 475 65 515 
2378 464 488 393 519 
2379 188 89 142 524 
2380 234 236 513 540 
2381 287 468 291 560 
2382 52 50 144 434 
2383 409 512 436 537 
2384 392 500 419 514 
2385 393 433 507 534 
2386 174 435 103 532 
2387 333 468 356 473 
2388 509 543 418 571 
2389 338 223 286 487 
2390 295 443 268 557 
2391 51 53 148 463 
2392 250 304 249 458 
2393 212 301 311 533 
2394 439 462 423 527 
2395 374 447 310 560 
2396 15 353 352 522 
2397 6 484 146 546 
2398 379 423 552 566 
2399 167 66 49 491 
2400 470 498 408 575 
2401 456 525 72 564 
2402 262 337 324 467 
2403 495 501 462 550 
2404 392 419 500 517 
2405 88 432 108 564 
2406 287 333 291 468 
2407 468 498 408 560 
2408 226 482 229 573 
2409 375 370 298 511 
2410 419 500 460 514 
2411 60 147 166 524 
2412 91 104 106 448 
2413 234 513 237 540 
2414 310 341 288 494 
2415 407 513 438 535 
2416 151 201 164 564 
2417 398 430 501 544 
2418 283 282 263 488 
2419 306 297 305 572 
2420 368 336 348 526 
2421 252 269 328 519 
2422 43 196 145 478 
2423 427 497 394 505 
2424 69 65 70 475 
2425 335 276 476 531 
2426 313 496 239 540 
2427 170 548 450 554 
2428 110 79 111 454 
2429 206 273 272 480 
2430 200 122 183 508 
2431 385 458 445 531 
2432 471 418 565 571 
2433 324 284 318 467 
2434 132 98 178 538 
2435 3 210 4 529 
2436 201 456 72 564 
2437 333 344 291 533 
2438 236 238 318 540 
2439 314 4 210 415 
2440 263 282 227 507 
2441 44 146 86 413 
2442 65 130 76 515 
2443 123 104 160 522 
2444 237 313 239 540 
2445 352 476 275 522 
2446 304 378 342 445 
2447 351 359 294 441 
2448 347 469 367 553 
2449 333 369 356 468 
2450 67 107 54 499 
2451 268 557 443 572 
2452 448 501 430 544 
2453 184 72 456 546 
2454 95 108 88 432 
2455 41 138 194 444 
2456 273 293 343 498 
2457 263 227 228 573 
2458 55 474 58 537 
2459 45 163 131 451 
2460 351 222 359 441 
2461 273 336 368 526 
2462 480 551 24 574 
2463 153 181 185 437 
2464 94 152 96 559 
2465 229 331 231 482 
2466 387 446 539 566 
2467 227 225 226 426 
2468 224 225 223 487 
2469 157 72 525 564 
2470 475 485 391 515 
2471 256 288 312 494 
2472 324 262 467 563 
2473 403 555 458 572 
2474 192 203 40 459 
2475 93 98 71 538 
2476 34 20 155 521 
2477 438 513 395 535 
2478 261 258 259 560 
2479 61 59 58 537 
2480 471 565 558 571 
2481 320 336 267 470 
2482 425 492 398 520 
2483 204 484 6 546 
2484 283 488 350 519 
2485 67 144 162 499 
2486 440 494 408 549 
2487 392 498 470 575 
2488 99 133 100 457 
2489 103 190 189 435 
2490 29 214 30 481 
2491 297 268 295 443 
2492 393 507 433 529 
2493 398 501 448 544 
2494 388 429 506 547 
2495 136 177 93 532 
2496 370 218 371 553 
2497 342 378 285 445 
2498 127 153 185 437 
2499 428 523 384 535 
2500 208 347 367 553 
2501 197 198 41 444 
2502 140 58 55 474 
2503 181 150 551 574 
2504 95 94 96 559 
2505 44 86 73 525 
2506 215 455 27 526 
2507 349 315 316 479 
2508 316 323 339 568 
2509 336 470 348 526 
2510 332 229 226 482 
2511 33 435 189 492 
2512 8 217 347 469 
2513 352 213 327 520 
2514 344 317 274 533 
2515 219 360 334 568 
2516 191 135 182 444 
2517 294 441 359 549 
2518 57 60 56 524 
2519 345 266 343 498 
2520 285 445 378 520 
2521 406 487 481 556 
2522 174 11 190 545 
2523 92 143 169 485 
2524 104 37 160 448 
2525 95 173 108 432 
2526 41 191 182 444 
2527 160 448 37 544 
2528 19 299 211 497 
2529 310 374 341 447 
2530 110 454 111 574 
2531 139 193 97 559 
2532 126 195 154 491 
2533 124 141 199 453 
2534 170 85 135 554 
2535 38 46 43 472 
2536 172 499 139 559 
2537 192 108 119 564 
2538 456 525 413 546 
2539 252 296 246 464 
2540 345 343 293 498 
2541 160 522 448 544 
2542 283 263 350 488 
2543 126 188 125 502 
2544 227 325 225 507 
2545 352 327 476 520 
2546 350 340 296 488 
2547 301 376 358 505 
2548 75 141 122 453 
2549 184 151 3 456 
2550 118 493 165 548 
2551 374 310 291 560 
2552 5 377 204 546 
2553 201 72 157 564 
2554 386 565 466 571 
2555 128 163 105 567 
2556 327 335 276 476 
2557 66 195 478 491 
2558 470 498 392 526 
2559 180 82 112 430 
2560 180 82 430 544 
2561 409 512 453 570 
2562 79 78 77 521 
2563 453 512 401 570 
2564 314 204 377 490 
2565 250 306 305 572 
2566 100 133 200 457 
2567 87 461 88 525 
2568 129 187 70 515 
2569 24 25 186 551 
2570 11 364 12 545 
2571 121 485 175 541 
2572 528 551 480 574 
2573 212 333 356 473 
2574 163 176 134 451 
2575 152 94 129 461 
2576 148 53 56 463 
2577 115 198 31 481 
2578 274 341 374 447 
2579 459 493 424 509 
2580 24 480 25 551 
2581 25 206 272 480 
2582 281 360 323 568 
2583 354 492 13 520 
2584 273 343 336 498 
2585 6 204 329 484 
2586 220 338 31 481 
2587 258 310 494 560 
2588 418 543 466 571 
2589 135 444 191 554 
2590 73 72 44 525 
2591 306 268 297 572 
2592 340 488 263 573 
2593 138 149 46 472 
2594 101 153 127 502 
2595 399 465 518 534 
2596 279 309 269 519 
2597 308 507 361 529 
2598 352 275 16 522 
2599 312 234 233 513 
2600 329 217 7 484 
2601 339 367 347 469 
2602 418 466 565 571 
2603 101 502 125 530 
2604 100 128 105 567 
2605 367 553 469 568 
2606 55 54 140 474 
2607 64 65 69 475 
2608 111 454 161 574 
2609 363 12 364 492 
2610 446 552 423 566 
2611 15 522 160 544 
2612 322 295 299 497 
2613 354 13 280 520 
2614 87 94 88 461 
2615 295 268 289 557 
2616 69 71 64 475 
2617 405 528 480 574 
2618 395 513 438 540 
2619 469 483 397 553 
2620 328 283 350 519 
2621 243 244 248 563 
2622 234 237 236 540 
2623 25 171 186 551 
2624 367 469 339 568 
2625 7 146 484 541 
2626 96 152 172 559 
2627 316 479 323 568 
2628 160 159 123 522 
2629 12 33 189 492 
2630 163 45 176 451 
2631 199 141 75 453 
2632 111 77 161 454 
2633 13 492 280 520 
2634 297 295 366 443 
2635 357 278 334 511 
2636 181 110 150 574 
2637 376 473 21 505 
2638 129 87 113 461 
2639 320 373 348 470 
2640 156 93 177 538 
2641 127 478 195 502 
2642 177 174 103 532 
2643 281 302 303 442 
2644 197 29 30 481 
2645 239 496 242 555 
2646 74 75 68 512 
2647 235 232 234 513 
2648 300 555 264 572 
2649 228 340 263 573 
2650 308 282 361 507 
2651 264 251 265 557 
2652 483 545 397 553 
2653 221 224 487 569 
2654 376 301 21 473 
2655 309 361 519 529 
2656 83 101 125 530 
2657 224 332 226 569 
2658 448 522 398 544 
2659 155 77 34 521 
2660 284 324 337 467 
2661 4 5 184 546 
2662 258 310 288 494 
2663 24 326 206 480 
2664 324 243 248 563 
2665 226 229 228 573 
2666 146 158 86 541 
2667 316 315 277 479 
2668 63 132 74 512 
2669 264 557 268 572 
2670 139 172 107 499 
2671 298 371 334 511 
2672 209 325 308 507 
2673 156 33 180 430 
2674 211 358 376 505 
2675 19 18 299 497 
2676 181 150 35 551 
2677 77 111 79 454 
2678 447 542 494 560 
2679 169 175 121 485 
2680 152 129 76 515 
2681 311 290 317 533 
2682 398 501 495 550 
2683 168 163 134 567 
2684 355 204 314 490 
2685 249 248 244 563 
2686 365 346 221 569 
2687 151 184 201 456 
2688 428 523 446 552 
2689 38 138 46 472 
2690 370 545 218 553 
2691 276 275 327 476 
2692 27 215 28 455 
2693 267 336 343 498 
2694 220 30 214 481 
2695 165 119 173 493 
2696 155 161 77 454 
2697 183 141 106 508 
2698 215 27 272 526 
2699 386 558 439 565 
2700 176 19 34 521 
2701 143 187 175 485 
2702 423 539 446 566 
2703 117 118 116 548 
2704 311 333 212 533 
2705 117 165 118 493 
2706 290 289 265 557 
2707 287 345 369 468 
2708 371 218 372 553 
2709 247 321 253 489 
2710 66 154 195 491 
2711 333 287 369 468 
2712 117 493 118 548 
2713 34 134 176 521 
2714 147 57 59 537 
2715 212 21 301 473 
2716 139 162 193 499 
2717 320 348 336 470 
2718 167 148 154 491 
2719 471 558 412 571 
2720 224 223 221 487 
2721 143 175 169 485 
2722 42 145 35 551 
2723 457 530 416 567 
2724 221 220 214 487 
2725 121 175 158 541 
2726 44 6 146 546 
2727 60 166 142 524 
2728 168 134 78 521 
2729 59 63 68 512 
2730 103 189 33 435 
2731 215 368 348 526 
2732 90 82 37 544 
2733 287 291 261 560 
2734 351 332 346 569 
2735 299 18 322 497 
2736 266 267 343 498 
2737 97 95 96 559 
2738 375 298 292 511 
2739 248 249 254 563 
2740 494 542 408 560 
2741 277 323 316 479 
2742 88 157 525 564 
2743 73 157 72 525 
2744 250 300 306 572 
2745 233 234 232 513 
2746 349 329 204 490 
2747 253 321 271 489 
2748 443 557 403 572 
2749 184 44 72 546 
2750 239 242 241 555 
2751 331 229 332 482 
2752 480 528 422 551 
2753 306 264 268 572 
2754 264 300 242 555 
2755 48 149 85 516 
2756 162 144 170 548 
2757 263 340 350 488 
2758 84 83 99 530 
2759 10 11 174 545 
2760 57 55 58 537 
2761 327 285 378 520 
2762 5 204 6 546 
2763 24 206 25 480 
2764 256 258 288 494 
2765 20 376 21 505 
2766 98 179 178 538 
2767 195 196 66 478 
2768 5 44 184 546 
2769 335 304 305 531 
2770 239 245 242 496 
2771 150 24 186 551 
2772 33 12 13 492 
2773 7 39 146 541 
2774 125 142 99 530 
2775 324 248 262 563 
2776 361 283 309 519 
2777 144 50 85 516 
2778 258 261 310 560 
2779 36 120 9 532 
2780 88 108 157 564 
2781 129 94 87 461 
2782 20 19 211 505 
2783 352 16 15 522 
2784 356 21 212 473 
2785 110 111 150 574 
2786 89 56 60 524 
2787 155 20 21 505 
2788 349 355 315 490 
2789 150 24 551 574 
2790 372 553 367 568 
2791 239 313 245 496 
2792 111 161 150 574 
2793 73 86 87 525 
2794 48 50 49 516 
2795 21 356 22 473 
2796 15 160 14 544 
2797 282 325 227 507 
2798 311 344 333 533 
2799 309 210 361 529 
2800 172 139 96 559 
2801 102 119 117 493 
2802 108 192 164 564 
2803 161 23 150 574 
2804 156 112 179 538 
2805 292 298 278 511 
2806 257 319 259 549 
2807 248 254 262 563 
2808 210 3 308 529 
2809 347 217 339 469 
2810 33 156 103 435 
2811 469 553 397 568 
2812 13 363 280 492 
2813 30 220 31 481 
2814 171 42 35 551 
2815 84 100 105 567 
2816 272 273 368 526 
2817 197 30 198 481 
2818 105 163 168 567 
2819 126 125 101 502 
2820 237 239 238 540 
2821 209 1 286 510 
2822 150 186 35 551 
2823 352 327 275 476 
2824 127 195 126 502 
2825 60 142 89 524 
2826 116 115 62 554 
2827 276 305 297 531 
2828 294 359 319 549 
2829 154 66 167 491 
2830 70 65 76 515 
2831 162 118 193 548 
2832 180 492 13 544 
2833 285 280 362 520 
2834 7 146 6 484 
2835 308 325 282 507 
2836 306 300 264 572 
2837 131 128 106 508 
2838 27 28 194 455 
2839 300 244 241 555 
2840 184 72 201 456 
2841 126 101 127 502 
2842 370 205 364 545 
2843 6 329 7 484 
2844 265 268 264 557 
2845 23 24 150 574 
2846 1 203 32 510 
2847 136 120 36 532 
2848 294 257 255 549 
2849 310 261 291 560 
2850 12 363 13 492 
2851 129 70 76 515 
2852 198 30 31 481 
2853 215 272 368 526 
2854 298 334 278 511 
2855 145 195 127 478 
2856 204 355 349 490 
2857 58 59 57 537 
2858 230 340 228 573 
2859 74 68 63 512 
2860 195 145 196 478 
2861 162 139 67 499 
2862 230 228 229 573 
2863 107 67 139 499 
2864 238 236 237 540 
2865 223 338 220 487 
2866 386 558 565 571 
2867 223 220 221 487 
2868 165 117 119 493 
2869 280 213 354 520 
2870 170 116 548 554 
2871 139 97 96 559 
2872 183 128 200 508 
2873 106 128 183 508 
2874 218 545 10 553 
2875 1 32 286 510 
2876 115 135 191 554 
2877 73 88 157 525 
2878 160 37 14 544 
2879 289 268 265 557 
2880 221 346 224 569 
2881 323 367 339 568 
2882 269 309 328 519 
2883 168 84 105 567 
2884 118 162 170 548 
2885 213 285 327 520 
2886 367 372 208 553 
2887 219 372 367 568 
2888 48 85 50 516 
2889 83 125 99 530 
2890 157 164 201 564 
2891 20 211 376 505 
2892 77 78 34 521 
2893 118 170 116 548 
2894 14 180 13 544 
2895 177 136 36 532 
2896 210 308 361 529 
2897 294 319 257 549 
2898 39 121 158 541 
2899 177 36 174 532 
2900 328 309 283 519 
2901 335 305 276 531 
2902 344 311 317 533 
2903 44 5 6 546 
2904 332 224 346 569 
2905 280 285 213 520 
2906 300 241 242 555 
2907 146 39 158 541 
2908 73 87 88 525 
2909 370 364 11 545 
2910 32 338 286 510 
2911 34 78 134 521 
2912 93 156 98 538 
2913 218 10 208 553 
2914 16 159 15 522 
2915 37 82 14 544 
2916 160 15 159 522 
2917 208 372 218 553 
2918 116 170 135 554 
2919 180 14 82 544 
2920 108 164 157 564 
2921 370 11 218 545 
2922 10 218 11 545 
2923 116 135 115 554 
2924 323 219 367 568 
2925 33 13 180 492 
2926 323 360 219 568 
2927 156 179 98 538 
2928 186 171 35 551 
2929 475 439 527 401 
2930 475 527 439 391 
2931 443 207 322 366 
2932 443 322 207 417 
2933 573 232 307 407 
2934 573 307 232 230 
2935 380 538 401 430 
2936 401 538 380 449 
2937 512 538 453 401 
2938 453 538 512 178 
2939 543 400 382 466 
2940 543 382 400 450 
2941 490 329 217 349 
2942 490 217 329 484 
2943 455 481 382 406 
2944 382 481 455 444 
2945 532 169 449 136 
2946 532 449 169 485 
2947 92 449 169 136 
2948 92 169 449 485 
2949 463 52 54 434 
2950 463 54 52 53 
2951 512 61 64 436 
2952 512 64 61 63 
2953 512 199 178 74 
2954 512 178 199 453 
2955 379 439 429 462 
2956 429 439 379 565 
2957 512 147 109 68 
2958 512 109 147 409 
2959 541 391 461 413 
2960 541 461 391 485 
2961 485 120 532 410 
2962 485 532 120 169 
2963 489 252 269 253 
2964 489 269 252 464 
2965 517 406 392 455 
2966 517 392 406 500 
2967 551 381 574 528 
2968 551 574 381 437 
2969 561 575 440 408 
2970 440 575 561 383 
2971 461 95 559 94 
2972 461 559 95 432 
2973 489 269 270 253 
2974 489 270 269 414 
2975 530 80 81 416 
2976 530 81 80 83 
2977 572 385 531 458 
2978 572 531 385 443 
2979 483 532 469 410 
2980 483 469 532 9 
2981 8 469 532 410 
2982 8 532 469 9 
2983 510 31 338 481 
2984 510 338 31 32 
2985 530 101 81 83 
2986 530 81 101 502 
2987 566 428 379 465 
2988 566 379 428 552 
2989 489 337 284 321 
2990 489 284 337 467 
2991 567 388 508 451 
2992 567 508 388 457 
2993 478 185 551 437 
2994 478 551 185 145 
2995 238 555 239 241 
2996 239 555 238 540 
2997 541 7 8 484 
2998 541 8 7 39 
2999 532 380 410 483 
3000 532 410 380 449 
3001 493 62 554 117 
3002 493 554 62 424 
3003 8 541 120 39 
3004 120 541 8 410 
3005 161 574 473 405 
3006 161 473 574 454 
3007 562 473 574 405 
3008 562 574 473 454 
3009 559 173 493 97 
3010 559 493 173 432 
3011 555 243 238 421 
3012 555 238 243 241 
3013 564 40 192 164 
3014 564 192 40 459 
3015 569 225 226 224 
3016 569 226 225 426 
3017 516 46 149 472 
3018 516 149 46 48 
3019 545 189 190 435 
3020 545 190 189 11 
3021 350 519 296 328 
3022 296 519 350 488 
3023 522 275 207 476 
3024 522 207 275 16 
3025 563 504 458 404 
3026 563 458 504 421 
3027 521 20 19 34 
3028 521 19 20 505 
3029 533 374 274 344 
3030 533 274 374 447 
3031 12 545 189 11 
3032 189 545 12 492 
3033 394 454 505 521 
3034 394 505 454 562 
3035 103 532 156 177 
3036 156 532 103 435 
3037 532 538 156 177 
3038 156 538 532 435 
3039 532 449 538 177 
3040 538 449 532 435 
3041 551 185 181 437 
3042 551 181 185 35 
3043 546 72 525 44 
3044 546 525 72 456 
$EndElements
$Parametrizations
1 2
3
33
0.2393156642875587 -5.861349661115348e-17 0.9709418174260518 0
0.3054819414719799 -0.1800705676921114 0.9350162426854148 1
0.3491389429907661 -0.3986661323559095 0.8480373301922923 2
0.3766001388175491 -0.5834186086336892 0.7195797819161771 3
0.2316437833877217 -0.6894486561450029 0.6862956419486226 4
0.1835437751140477 -0.8168155033410371 0.5469224041110512 5
0.09904657436598385 -0.9266533691145716 0.3626338506192948 6
0.03399758433803744 -0.9871857164977481 0.1559119155228547 7
-0.05987247550730349 -0.9981180049672537 0.01325650168094307 8
-0.0002523360063256483 -0.9878668062288698 -0.1553032822502877 9
0.05162975440642595 -0.9266312824515502 -0.3724094988613039 10
-0.1292565382779517 -0.849340568744 -0.5117747019910411 11
-0.08125246647037801 -0.7082547221712902 -0.7012654883954782 12
-0.2425457931062681 -0.6172328215661061 -0.7484618776049952 13
-0.2952473174404847 -0.4346707787999275 -0.8508174513969857 14
-0.1602311902286896 -0.3108892491929451 -0.9368424843132085 15
-0.2075813455017456 -0.0475412101082452 -0.9770618293338087 16
-0.2356267983049209 0.160084695792815 -0.9585681520337999 17
-0.2318723349787237 0.3913351479013616 -0.8905571415066716 18
-0.2087221851259151 0.6000877986350804 -0.7722238557345702 19
-0.08868863680828842 0.7127282080173456 -0.6958109133934813 20
-0.04615514672698437 0.8269795148369193 -0.5603343506074779 21
-0.1738508006900977 0.9110183413627416 -0.3739271062655009 22
-0.2915291239563532 0.9407879483538145 -0.1729994396449354 23
-0.1865050408622672 0.9821044388060952 0.02620574384230842 24
-0.3099099628979518 0.9237321932148073 0.2251103065502604 25
-0.1890178585794543 0.8807896098739245 0.434145035991634 26
-0.06008715701870763 0.7995436703671427 0.5975947228157616 27
0.1084431901194302 0.6990388485455854 0.7068131031190518 28
0.03512708101289612 0.5535187400709278 0.8320956030227572 29
-0.001024699325741559 0.3635140602808515 0.9315881482551296 30
0.1127802705213255 0.2051915466316417 0.9722021599297399 31
0.2393156642875587 -5.861349661115348e-17 0.9709418174260518 32
2
148 262
6.123031769111886e-17 -1.499660721822137e-32 1 0.8230547532590947 0.0439188240667969 0.9506438561739994 0.3215404156421869 0.01246065060504492 0.2647186452849086 -0.7827798032598325 0.003385821736806603
-0.1295034955972517 0.1694334951173245 0.9769959750993963 0.7649304311092435 0.1938322913382642 -0.3641008812493751 0.9024103046577725 -0.1560450652028939 -0.8401148429458732 -0.3517110160507078 -0.0737036474917495
-0.006531178366930261 -0.2120147832723592 0.9772446343588251 0.7607656552575812 -0.1248496865167819 0.06168937588857357 0.963033775625585 0.1625305452222849 -0.9482559728466111 0.06288104651803809 -0.01266994147603658
0.2393156642875587 -5.861349661115348e-17 0.9709418174260518 1 0 0.9868635469143471 0.017913392637914 -0.2268333410329486 0.01564064748750263 -0.9703207738113933 -0.008581419916446342
0.1127802705213255 0.2051915466316417 0.9722021599297399 0.9766580196370467 0.2148001691774052 0.8619028976485932 0.5645771507330566 -0.2182883334216706 0.5495280817378408 -0.8008458640929895 0.09849619320521508
0.3054819414719799 -0.1800705676921114 0.9350162426854148 0.9846792175325666 -0.1743755675530613 0.8491871439693288 -0.552497938086511 -0.3807787027468724 -0.5242707835252076 -0.8050451421273302 -0.001098349864118074
0.1365079472480174 -0.381187410474773 0.9143641169871385 0.7965403148776538 -0.293763280546028 -0.6967193575967189 0.7591239814317471 0.4177407536171237 -0.7601260065609448 -0.6209872874267703 -0.1392925167821236
0.3491389429907661 -0.3986661323559095 0.8480373301922923 0.9248523901423992 -0.3803262500116069 0.8196436824364217 -0.3067140400168641 -0.4965652270833593 -0.4470478274766386 -0.8509589703286662 -0.2122961055474015
0.1786207994628788 -0.5481016373332269 0.8171163963303378 0.7527259734131432 -0.4606156624565913 0.9343449217083086 -0.2423230176844243 -0.3797825070847585 -0.3991706769277739 -0.8102787110881592 -0.4650396191275575
0.3766001388175491 -0.5834186086336892 0.7195797819161771 0.8288647450525357 -0.5594490454089583 0.5711497555616862 0.8078828411746455 0.3348250858130848 -0.7051941810122117 0.2514280256278079 0.5962728148899084
0.2316437833877217 -0.6894486561450029 0.6862956419486226 0.7263863600919536 -0.6872865893296356 0.8598899560150448 0.541062975562142 0.2540944298054294 0.5080168482121842 -0.4920605337003756 -0.6714151462276986
0.02592156874923701 -0.709696187831219 0.7040308183960512 0.5873912475090139 -0.568569255915499 1.006622254161262 -0.04662468543777633 -0.08430741172736769 -0.09170319270598754 -0.6987158261355112 -0.7085150371438952
-0.007222771022569669 -0.5489891424946685 0.8357982729114269 0.6452705510308053 -0.3964553882927173 0.8956194643455185 -0.4811168385829884 -0.3091506698807164 -0.5493667758586235 -0.7239286645366495 -0.4649166930083132
-0.1351811225935005 -0.6268580182149019 0.7673168114240992 0.5373553296344454 -0.4262236642421491 -0.01820979075005539 0.8065784399139327 0.6599422117306731 -1.015818244007168 0.07931427773386653 -0.124967038924006
-0.2233731411589478 -0.7381600778323733 0.6365721791778913 0.4241653001719615 -0.4970273969471991 0.772883050470945 -0.530339714139029 -0.3461149398674637 -0.5719831926075317 -0.401503624506927 -0.6620424919004541
-0.06184692763377712 -0.8512246212542942 0.5211445113524132 0.4317792791627307 -0.6822333419105693 -0.2577017099845092 0.5399329578664231 0.837794188765715 -0.9335116350381515 -0.07522933209644109 -0.238660940268869
0.1835437751140477 -0.8168155033410371 0.5469224041110512 0.59565795778797 -0.8032381946370982 0.9506221023511209 0.005089442529687972 -0.3044328452584848 -0.242018352951249 -0.5631886834584858 -0.7651418549471131
0.09904657436598385 -0.9266533691145716 0.3626338506192948 0.4177994761246624 -0.9085392659373382 -0.5605537243417622 0.2452248515315447 0.7701710746895453 -0.8012411835648577 -0.2768854407985807 -0.4950063056910847
-0.1752330502580778 -0.9161413168033385 0.3605252636682968 0.2810328820101705 -0.70774013342527 0.4577979209303805 0.2468516207022983 0.8699753142312886 -0.857165639630218 0.2796579811865527 0.3717055145445988
0.03399758433803744 -0.9871857164977481 0.1559119155228547 0.2269646258455197 -0.9739030026726496 0.01846494118308254 0.182939779110835 0.9876901454924307 -0.9898024413976 -0.01671470554475465 0.02160032526486491
-0.1992384048019809 -0.9680801301516497 0.1520687990928025 0.1314599948428229 -0.7846611835030304 0.7612577594870699 -0.05321855738106505 0.6903176474101896 0.6152204425527401 -0.2358585006377425 -0.6966262366933167
-0.05987247550730349 -0.9981180049672537 0.01325650168094307 0.07522159219594587 -0.9971668426434498 0.08021663420271699 0.01174615863391391 1.074231579158117 -1.007312266066135 0.05714678526707681 0.07459466461837937
-0.2093112587529595 -0.9752636198514614 -0.07106102133712799 -0.04402805635561189 -0.8210510752607167 0.706392052898217 -0.2095508218757818 0.6960853761555116 0.6887005015646452 -0.09555076922483187 -0.7276626125256338
-0.4003392455957466 -0.9151296382426946 0.04760497500916804 0.005673466750895994 -0.6410621048367531 0.1084094232609471 0.001595930285050094 0.9903876626808964 -0.8985932354470085 0.4002875535065177 0.09771642662597527
-0.3855338240511105 -0.8817910863503177 0.2716765550165378 0.1545422224092333 -0.5916914463114062 0.949331622317529 -0.3718200875806977 0.1286835871432881 0.01375593779876477 -0.2991941236038235 -0.9659765844931819
-0.5766922660262579 -0.7996552783057346 0.1672646590983221 0.04676956317830291 -0.4752878491500888 0.745843250019396 -0.5988412730733329 -0.3012463331500786 -0.3382421644501348 0.0514816609343646 -0.9397790029195393
-0.5808153285077946 -0.8107085682484911 -0.07351987172774595 -0.1041422437530529 -0.5071830254788972 -0.3870056264161169 0.1973883257382738 0.9017458026646887 -0.7144019748979794 0.549058183148215 -0.42678907755996
-0.3903299809226947 -0.9012542841429783 -0.1881042830634553 -0.1654360099704891 -0.665465178994334 0.6736931748635513 -0.1386734819374115 -0.7255423532371492 -0.6180745291224691 0.4067821133430379 -0.6516538721198667
-0.5564805405670784 -0.7724839229473847 -0.3059378968973791 -0.2660973574114442 -0.5173035533961177 0.29871116300954 -0.5297600245354833 0.7925133890328828 -0.7714497883099133 0.3494444493981611 0.5243600541103708
-0.3520634911743382 -0.8361102086963271 -0.4206792330219319 -0.3634162652208358 -0.6736668363292311 0.9164897702302085 -0.2194331426850779 -0.3354927794870113 -0.1857069866397834 0.4931106865990508 -0.8298341967101684
-0.1756728635399934 -0.9397784370843943 -0.2931817426219989 -0.2375083023081185 -0.8321456246194593 0.9308525611685291 -0.05811608294572074 -0.3721548255817378 -0.3238012104320023 0.3328146394391389 -0.8618807205573803
-0.1292565382779517 -0.849340568744 -0.5117747019910411 -0.4880697223683794 -0.8728046437246155 0.9411382901413279 0.05959161493773628 -0.3373583586221259 -0.3095344306614615 0.5129407121126048 -0.7729102681061997
0.05162975440642595 -0.9266312824515502 -0.3724094988613039 -0.2891986233586193 -0.9572691138062898 0.9993336053798255 0.05686134095051489 -0.002546466281458261 -0.0229394720621794 0.3626539041078599 -0.9044683016875523
-0.0002523360063256483 -0.9878668062288698 -0.1553032822502877 -0.08542539296567149 -0.996344570034213 0.6792153027048626 -0.1263565233882236 0.7484542265749866 -0.7492051904499787 -0.1080494683880862 0.6616555260917574
-0.304489412249731 -0.7254428723053338 -0.6172672329301149 -0.5657443076001983 -0.6434428678127642 0.1025094057950081 -0.6840460832746643 0.7676993530821027 -0.9504924661789832 0.1635724302429447 0.2726659822229358
-0.08125246647037801 -0.7082547221712902 -0.7012654883954782 -0.6641557936205369 -0.7475941959380601 -0.1206346095772862 -0.6955440161932696 0.7242086125668546 -0.9710281522328988 0.137420423740776 -0.02976718064857176
-0.2425457931062681 -0.6172328215661061 -0.7484618776049952 -0.7820791160110243 -0.6231791526514784 0.8977283213187447 -0.5184295289454186 0.1302707998141567 0.4507362373635844 0.6194469141812069 -0.6409656954543984
-0.4309581348124576 -0.5685482636041385 -0.7007338710178684 -0.637218151264314 -0.4744648984665447 0.08284308862299504 -0.8087711536855431 0.599304379038766 -0.8966346974957974 0.1986986197747271 0.3920907436633764
-0.5116865227413966 -0.6852812756832131 -0.5182339969963436 -0.4403739592191924 -0.5007107908094182 0.7558067924273897 -0.6570211954387839 0.1234977377928646 0.4222112333823372 0.3269700658050637 -0.8444191479562545
-0.62288890439422 -0.489870641836283 -0.6099476756652791 -0.5047707433713743 -0.3362868180742367 -0.5424172347901349 -0.2902102235169845 0.7946312812683007 0.5561375695786105 -0.8120705161653012 0.08304157941093056
-0.6925574320878594 -0.5966905733339998 -0.4053696621038785 -0.3390018332406898 -0.3678929811773748 -0.4505249745081721 0.7947348496601283 -0.4017926410328013 0.5526725609769482 -0.0950341711116936 -0.8076796984194629
-0.729047533744318 -0.6611081519222212 -0.1772729674916991 -0.1844185548214133 -0.377083610122274 0.0156696694088366 -0.2841077146219076 0.9710120599380744 0.6795648013157004 -0.6902200951827887 -0.2129174478226165
-0.836953357325285 -0.4777805382096983 -0.2668985480851943 -0.2454917191645563 -0.249722872822522 -0.3101725540404988 -0.01787282226759361 0.9748092125645593 0.4516160979784383 -0.862771698456783 0.1278801551370162
-0.7936416813407239 -0.3916013049614023 -0.4655977873564218 -0.3773836514297838 -0.2202095452460863 -0.03993952954819927 0.791754993619498 -0.5926367512864158 0.5854944127582388 -0.4355333101102078 -0.6213250254338217
-0.9150464240688558 -0.2576299667372284 -0.3103495481513937 -0.2743208980761928 -0.1115688660148854 -0.4395813066509144 0.5351311381530338 0.7840049040747269 0.04076788012583347 -0.8090543868786378 0.5750869548772587
-0.8448114863967211 -0.1841564401812861 -0.5023743205936376 -0.3999054184239555 -0.08632154476245872 -0.2229777327433319 1.02475523120751 -0.006511975534911255 0.488249275901085 0.1008394870365548 -0.8496537911335087
-0.7014111187955576 -0.2676428955228308 -0.6605980040131209 -0.5300920972959621 -0.1691086157599201 -0.1471246496684982 0.9632918116427777 -0.242876612707026 0.6928923272915042 -0.07265446854076199 -0.7078861715793074
-0.5197640413925345 -0.3611668851626974 -0.7742117425725179 -0.6733708957498733 -0.2863344866029671 -0.4509792891269826 -0.6540089862868532 0.6016896813153362 -0.7152952927622764 0.6519042682726562 0.1724608053380947
-0.5734567976716048 -0.1274828773480806 -0.8092560887551494 -0.6773996152359166 -0.09360937464065848 0.225743920829488 -0.9802764599488473 -0.004680581417109472 -0.7824718747341622 -0.1829861779506667 0.5851353829138164
-0.3688667308314348 -0.2116170264018351 -0.9050721347067177 -0.8396820159584474 -0.1916444809943984 0.9220064131310226 -0.08315288725802335 -0.359214285947204 -0.001559212797461254 0.9529521618845131 -0.224596657300054
-0.2952473174404847 -0.4346707787999275 -0.8508174513969857 -0.887464582427975 -0.4608759214104595 0.9164622157540088 -0.438278812626015 -0.1053931194287022 0.3146146072949612 0.7821876890868852 -0.5169587142776165
-0.1602311902286896 -0.3108892491929451 -0.9368424843132085 -0.9561439426300663 -0.2928971849844798 1.025520428037744 0.2304178727446828 -0.2521786008246114 -0.2680522055751658 0.9218289713840724 -0.2477892326027608
-0.2075813455017456 -0.0475412101082452 -0.9770618293338087 -0.9985275407856364 -0.0542471224360246 -0.6568283654347695 -0.8047547688244618 0.1964230412958963 -0.7579241516645462 0.6467467470825545 0.11529425023473
-0.415593972683122 0.02484819672817767 -0.9092107659881828 -0.8251470882174186 0.01348012183305314 0.418661511466932 -0.9021320129383903 -0.217688742235905 -0.8148535885231066 -0.4657223037330355 0.3628812566524222
-0.2356267983049209 0.160084695792815 -0.9585681520337999 -0.9909548177392666 0.1341959358525319 -0.568089697170851 -0.8812715922802893 -0.0148193174092833 -0.7845878652767699 0.501252230609618 0.2683613067852002
-0.4326835452292434 0.2608311807986289 -0.8629901765437694 -0.7885390576323265 0.2026736460622469 0.9154307735156594 0.1610159251050469 -0.4112382188469684 -0.03129308888794287 0.9439823414022663 0.2999466678052889
-0.6122667770033176 0.1101632089437137 -0.7829389894322504 -0.6487336442102312 0.0835865983374204 0.1429929510884954 -0.9567651044030047 -0.2449109526678792 -0.7714156243260334 -0.2595146153025569 0.5634191932323503
-0.7456802091392165 -0.05094859057046688 -0.6643532695915458 -0.5257274539044421 -0.01817946347855758 -0.2221742225065154 0.980586444914322 0.1793431840589729 0.6262441244612985 0.2739844212256032 -0.7222471754347067
-0.7688341968344792 0.1838471595050559 -0.6124493446153763 -0.4895399548042191 0.1391265367163291 -0.5510692977921273 0.3130426030433242 0.7794710982914707 -0.3268047825567374 -0.9107058998089139 0.1347037288163607
-0.6073839861317676 0.3410039233383408 -0.7174963537597552 -0.6066679295746036 0.2510432761577441 0.7430646091447164 -0.06294951917460753 -0.6626719409666396 0.2666480141195715 0.9204511816128097 0.2115597996804366
-0.7460213572815336 0.4071980800012124 -0.5269173162111345 -0.4393287145708323 0.2923603119929035 -0.5752937687634535 0.01105268120590471 0.8229175251847161 -0.3340715378757857 -0.9027288494092045 -0.221421581503408
-0.5781729853157866 0.5496296678863136 -0.6030117969245806 -0.5311727357536485 0.4114616119145703 -0.1952048031602753 -0.8419865609961695 -0.5637758723658451 -0.7855315636495549 -0.1978200972554314 0.567426548958152
-0.4191313365132598 0.4824665503798698 -0.7691260953297302 -0.7211986479360485 0.3820598500336178 0.04910545963539994 -0.8382120922434843 -0.5419249764276363 -0.8915524581909452 -0.2609221306216138 0.3227900528326948
-0.2318723349787237 0.3913351479013616 -0.8905571415066716 -0.938998660118781 0.3439207994511728 0.8830431736239703 -0.3269996341432707 -0.3720401008250837 0.4247262024334084 0.8449117217321518 0.2654707103058079
-0.2087221851259151 0.6000877986350804 -0.7722238557345702 -0.8432063259274125 0.5375900779553081 0.8688380158458318 -0.2759093098667963 -0.4695091828086045 0.474879891627514 0.742476908783702 0.4424565459391099
-0.3842829275170495 0.6387330675451339 -0.6665933543347919 -0.644168259693979 0.5183211112377921 -0.2093854871926356 -0.7946377379661471 -0.6435309432971014 -0.8648177766090348 -0.1043690930750462 0.410261408985548
-0.2674979895265365 0.7763808760137062 -0.5706816634161738 -0.5836852578349466 0.6740939270461086 0.8665328204231311 0.470499260958633 0.2321382984910249 -0.4360172379935882 0.4202436616673197 0.7758259448155075
-0.08868863680828842 0.7127282080173456 -0.6958109133934813 -0.7448090697334259 0.6672776405985956 0.979328390726242 0.3389885369587854 0.2126062384542677 -0.374415193821123 0.6450766327141639 0.6961312440982577
-0.04615514672698437 0.8269795148369193 -0.5603343506074779 -0.6261319596671181 0.779717108369064 -0.5308377807841799 -0.5038698111185378 -0.7209206980512137 -0.8577831482931657 0.2617167657427639 0.4486936307794437
-0.1738508006900977 0.9110183413627416 -0.3739271062655009 -0.4440334329714474 0.8960102178008859 0.8358333510316071 0.3406538073161808 0.4393503328222959 -0.5193296994312028 0.2352215113688179 0.8056076281579264
-0.3973123068902981 0.8486130744146809 -0.3492832385414062 -0.3699464923785112 0.7411697513407022 0.7576880668654935 0.07254012068326116 -0.659150996888005 0.5217053123511369 0.5207216464294977 0.6570013588809828
-0.2915291239563532 0.9407879483538145 -0.1729994396449354 -0.2467148093158751 0.9690881295652276 0.2493277433740135 -0.1083146840158356 -0.9917606861482174 -0.9294891654302413 -0.319924750492583 -0.1987323056879192
-0.4751900855448797 0.8633775794146462 -0.1696276450463076 -0.215701990676569 0.7524845374663179 0.2581538406181103 -0.05185093700654647 -1.004714111650311 -0.8512754013020831 -0.5071365784488889 -0.1925567733583521
-0.4123950254442786 0.9109376253111705 0.0110898954575077 -0.06232740765237497 0.8428572148052176 0.8585806350495617 0.396785710262259 -0.3639393400443255 0.3328195569028226 0.1340368147677418 0.9312989335809867
-0.1865050408622672 0.9821044388060952 0.02620574384230842 -0.04367127749562496 0.9990459546596941 0.5735557747293184 0.1324817241171894 -0.8207007780957613 -0.7925843518863217 -0.133739122724321 -0.5754951550561614
-0.3099099628979518 0.9237321932148073 0.2251103065502604 0.1720951166699304 0.9850803372407568 0.8561293661794942 0.3763848502873616 -0.3659094743350111 0.4154566927894089 -0.07858062151318407 0.8912262252890647
-0.5277031809392204 0.8260413792084836 0.1979519958524654 0.07622286124128862 0.7191606826379969 0.3684466607795399 0.4347894284260401 -0.8230045719565287 -0.7599461488890562 -0.364164988317222 -0.5326030048795614
-0.4179572365124336 0.8123918907489234 0.4066093509651233 0.2582594126205844 0.7418883819101059 0.8303893806237623 0.5347906198620462 -0.2106439104041983 0.3862821400273143 -0.2501534211087111 0.8876823617125414
-0.1890178585794543 0.8807896098739245 0.434145035991634 0.3831523569185901 0.9236851581506164 0.2412847618290786 0.4701995856796526 -0.8557655025896862 -0.9386922142154909 -0.06111384422298824 -0.2982450575518338
-0.289105139029495 0.7424411249622952 0.6043172962537626 0.4422447284456239 0.6847556900671115 0.9134774520157548 0.3759951940013528 -0.02449275208328066 0.2425632160936987 -0.5384855661856657 0.7801509442523931
-0.5079017853383352 0.6482429043197343 0.5672890916007882 0.3246150048118359 0.5455983629523419 0.6974719950505751 -0.0952165717232424 0.7284494258706986 -0.5127248071571596 -0.7478720451346634 0.3931657734401039
-0.3670132622330074 0.5607090576687932 0.7422308387511662 0.4918997489538516 0.4888213971561713 0.5006858806440243 0.8003907748203446 -0.36028163152631 -0.7751188079630545 0.2319201324387151 -0.561961229086093
-0.5732536493224729 0.4516902043934017 0.6836345608536145 0.3646491709792701 0.3782064548082738 0.7918855725524581 0.01312667131573578 0.6345200919284016 -0.2731776749370771 -0.8981697784598428 0.3595086142983892
-0.4181646719655212 0.3462712259367872 0.8397824392116107 0.518955373645722 0.3148359080419882 0.5133438555472274 0.8543001782272623 -0.1004051329816081 -0.739758078918261 0.3816274905792509 -0.5350904838269028
-0.6094504643247701 0.2225287617131054 0.7609540602064977 0.3853693665926101 0.2180424452145455 0.7558891301787466 0.4829520586140162 0.4552869663571871 0.2637077964167976 -0.8357180120705715 0.4486793881448085
-0.4395539248396838 0.1117271019544522 0.8912403726531294 0.5186614016121901 0.1484812829265608 0.9001273488584782 -0.300372815224543 0.4947163282213278 -0.3034925268908891 -0.9575410187519993 -0.02918312382929771
-0.6153739328782214 -0.01694339607655744 0.7880531987520788 0.3852090652509099 0.06540994742569731 0.1650685267001694 0.9832824043756715 0.1451658366737783 -0.7728489943717478 0.2169268628688408 -0.5905475034414807
-0.4299242776051389 -0.1291424802609755 0.8935811856332602 0.5019847873192226 -0.0140798543339225 0.9379668402072052 0.1622492345311452 0.4869869456652 0.1961105081283108 -0.9830471850207788 -0.05019949832439552
-0.5903331426177222 -0.2556591906821839 0.765601174859871 0.3709239817911246 -0.08385767585516234 -0.4197848837828329 0.9106578462559288 -0.01521670688873295 -0.687104063483411 -0.3273643013330186 -0.6362066528386562
-0.3947076068608055 -0.3682674039696947 0.8417749249411255 0.4735422523767878 -0.1771758292965528 0.7118074684889608 0.4771394711209553 0.5460268704893992 0.5806057865051966 -0.7853602728702993 -0.07060668976053752
-0.5357993858907567 -0.4795926781233392 0.6949171757623861 0.3453694495598592 -0.2333149221531624 0.8261018510312794 -0.434460816118025 0.347240633834582 -0.1330669273709534 -0.754973321670569 -0.6280356306803385
-0.739297701567306 -0.3473492971741868 0.5768772609575603 0.2333514648563932 -0.131234782654172 -0.2329980895124237 0.9416489870567184 0.2638784333381428 -0.624035308833227 0.05815428432421509 -0.7585309460165354
-0.646644310134572 -0.5737490941984142 0.5026560584306954 0.2154794432507123 -0.2841715428095025 -0.7496018245108174 0.5869722251292623 -0.3034186844469575 -0.1195839177231572 -0.5713120812741016 -0.8097853338501715
-0.8132735293013409 -0.4493512127557323 0.3696885907526679 0.1133140353505829 -0.1921341177395075 0.1192786892803922 0.5067012706183864 0.8825940418433373 0.5643401185269524 -0.73298398909797 0.3445413797917022
-0.716441095163902 -0.6393184561362428 0.279256278002697 0.08342062004041921 -0.3268144083916953 -0.01884602351123904 0.4156547283739621 0.9062770554358658 0.6948475458943331 -0.6417909168350132 0.3088002070867715
-0.8571059845388292 -0.4920088795527666 0.1526322171396173 -0.006002921817913722 -0.2240584243968073 -0.5005955827648745 0.719431472961593 -0.4804142037575773 0.1249043990488612 -0.4776470195789117 -0.8454389693442249
-0.7367647422435547 -0.6745268689029448 0.04681044450523792 -0.04902518659124802 -0.363120257450898 -0.2037066196391538 0.2914803300215374 0.9353908876598155 0.6387230446978052 -0.6749237254377091 0.3494144606953156
-0.5364030795782598 -0.7527860580699552 0.3815558766346772 0.1780797363523939 -0.4343441582886188 0.4680690203091665 0.1274561576257225 0.900325431822965 -0.7176834994583094 0.6546420443240951 0.280439987552585
-0.8583554322909546 -0.508869313846611 -0.06540621745589523 -0.1260902346960134 -0.2490009225411482 -0.195166525099585 0.2074850263395385 0.9783573598112859 0.483651165417846 -0.841619478259808 0.2749669680835852
-0.9465160241661039 -0.3222600082013894 0.01599697192695646 -0.08891635226049512 -0.1252161489032907 -0.3156093565308911 0.918754859568747 -0.2581404097177724 0.06318662023011366 -0.2432242041507167 -0.9429198177322095
-0.9283365347869481 -0.2880424140879609 0.2349954166917755 0.02728319333842168 -0.09585842451223571 -0.009824286480327732 0.6395234081382581 0.7942084445769941 0.3719089863450103 -0.7222286885555669 0.5861633629880291
-0.9911896153003553 -0.1069278627391816 0.07816379398906224 -0.06102447836661023 0.001267014913939833 -0.1021088480180931 0.9919803638481133 0.1099120032148638 -0.09362033808083318 0.09831697328290295 -0.9743064330542169
-0.9775609580866704 -0.1424534288490244 -0.155182453369661 -0.1860163715603232 -0.0310730827210782 -0.2064118145837747 0.5402207249933424 0.850349573600238 0.03602043620150835 -0.8396394342676067 0.5421601677996888
-0.921596436057555 -0.3528000984116674 -0.1618397343260636 -0.1857185837740259 -0.1563809858363036 -0.3043660713807109 0.3761224526093638 0.94575747260071 0.2519332629963343 -0.8609817692839646 0.4234854323931367
-0.9299578695067636 -0.09843818299282182 -0.354243256917493 -0.3025180950662718 -0.01947231471274513 -0.1945318804732736 1.030089517297293 0.2296688201425784 0.3208684331136244 0.2662442304198085 -0.9223552896153495
-0.9567092375836369 0.06846647289287473 -0.2828776711084586 -0.2614769213296306 0.08295345572361854 -0.2667128830762038 -0.6172022471604657 0.7567518424780377 0.11566841876187 -0.7751247600392992 -0.5914204117581877
-0.9948144918360486 0.0867266793524181 -0.05312824033870437 -0.1325730430526353 0.1044811889508546 0.09972594651772075 0.733851828045113 -0.6880824110380146 -0.0178879525062486 -0.6719713388226621 -0.7192616472164697
-0.9421156165248622 0.278339025013926 -0.1869372949795624 -0.2083722375488306 0.2124253363634964 0.3284735325819815 0.6585721209605323 -0.6747547533669676 -0.06348255490768312 -0.6856637246966089 -0.7001230449281149
-0.954677687550519 0.2932359900154898 0.05102124119256 -0.07448272249434447 0.2307782852116908 0.2110606784107234 0.5572021451651145 0.8113635729194671 -0.2080978900588765 -0.777497311480024 0.5880772413180602
-0.8765091564340066 0.4742873901175033 -0.08236000402424283 -0.1477308182634771 0.3455666661483739 0.1980430282713909 0.5279747380684122 0.840351946720976 -0.4348963733152219 -0.7085350288714737 0.5476476764670478
-0.8345210537274458 0.454293546596038 -0.31175629008382 -0.2889899720414333 0.3257685475552336 0.5366771230186448 0.7928443772603356 -0.2914400539016482 0.1147750205235126 -0.4074682025470928 -0.8971373083162705
-0.8781524347412502 0.2411934594543228 -0.4131271190256946 -0.3464067540264617 0.1817818686529451 -0.4524289110369781 -0.1114551843280279 0.8948333634084362 -0.164086481482491 -0.9373748756531661 -0.1997162432597265
-0.6862623084232299 0.6008055640640696 -0.4099716066110858 -0.3698449562600654 0.4424283272741304 0.520439401315521 0.8180110012158563 0.3232770482809455 0.5203266218674014 0.007281984641368739 -0.8560930031754279
-0.7507995528161077 0.6311545588734586 -0.1947920796756957 -0.2186260647819011 0.467120878603675 0.5983448773746937 0.5137614831860325 -0.6323204149383166 -0.298122429692966 -0.5890537616882932 -0.7607111071457275
-0.5935092242602348 0.7549817542234826 -0.278835707016959 -0.2877005691982093 0.5948766966429879 0.7376883473064643 0.3595647414576957 -0.5855772839452367 0.3351625756897557 0.5474609889251736 0.7583852851814856
-0.5017478249101478 0.7038720629559954 -0.502805369092263 -0.4710077087975124 0.5541979644500272 -0.6155797052165161 -0.7036362706728199 -0.3953070306365147 -0.6086362215601887 0.1038490568428945 0.7629313910675311
-0.6241368852582978 0.7805559725810062 -0.0344314119401189 -0.1085508034394903 0.6271894560465531 -0.08561089102411935 -0.1108676555419556 -0.9947384932878006 -0.7719665666852904 -0.6127548685584467 0.1347323364061031
-0.7767631992147619 0.6297671196272508 -0.005683958307735149 -0.09693970945722317 0.4716661221894333 0.4260323708853293 0.5321942018543467 0.7636743433883344 -0.4672836016741712 -0.5775467635589558 0.6631687759940512
-0.7243012292487078 0.6667698559267532 0.1755154937212883 0.02357880685540104 0.517666626041584 -0.1325874453695129 -0.3823317500951145 0.920040921265457 -0.6719196955701303 -0.626645705212442 -0.3572391808839261
-0.6192892273318087 0.6896805015746017 0.3752621199356222 0.1716148045091665 0.5625495986425767 -0.3802099216253194 0.1540469776021667 -0.9106196950892814 -0.6706102685329922 -0.7029566985084537 0.1610818694573226
-0.7991049447928648 0.5037839896635387 0.3280746545624639 0.1011812556564301 0.3886984100617248 0.2102364603468273 0.7452533871090367 -0.6218200901545338 -0.5593950276347815 -0.4224930202230056 -0.6954898880626338
-0.6908961939108976 0.4949658753495755 0.5269451883060171 0.2388647532624849 0.3974060201083435 0.5736449680468263 -0.07296149591680216 0.8337623886296162 -0.4469534875540142 -0.8587592368091437 0.2323638763014979
-0.826108665680705 0.3017686934093649 0.4758992836359915 0.1738406685332318 0.2554709478793046 0.2057422992744398 0.9456774284648327 -0.2437217854508285 -0.5172774300096639 -0.100993461033084 -0.8285393279922119
-0.7059674650864084 0.3186441215556656 0.6325155033969435 0.2881337270635389 0.2755743769993635 0.6883101045212221 -0.01781640059745292 0.7850939132992396 -0.2487565590092297 -0.953345735812729 0.1964560684806659
-0.7672125212672725 0.09082725737551124 0.6349294106657508 0.2658338126972216 0.130358073597205 0.6427862870532105 0.0359314481068319 0.7818273515802121 -0.05001604241221332 -0.983216427979443 0.08630807827148206
-0.90580443584465 0.09075677876370744 0.4138617294611702 0.1232372156028552 0.124260536287349 0.2902077302907088 0.846043124848827 0.4385964665653768 -0.3095216987697936 0.5157302655982533 -0.7900302036712962
-0.8445453595763331 -0.1167569286316318 0.522600186791576 0.1867701309955483 0.007292872424860649 -0.2539020467992922 0.9557138900824882 -0.2053700111375794 -0.4571493300063099 -0.2945817794374957 -0.8056908936001221
-0.7208543347985437 -0.1381141122696157 0.6791859244670233 0.2934453177796675 -0.006099046983592617 0.6669099175112243 -0.4825689602312855 0.6208846051272037 -0.2338678601580185 -0.8740906393803656 -0.4281636450185582
-0.8746823428781666 -0.268465301135557 0.4035556729168306 0.1203568521718188 -0.08133805768080606 0.1690624137337021 0.657392525433905 0.7843268850947502 0.470514303524912 -0.7362855979221772 0.5157063623538243
-0.9445926804567831 -0.1019263157903662 0.3120187401052573 0.06422029670232036 0.0121112028564848 0.07918852304438252 0.8834859391518712 0.5154684641691021 -0.3168780920569226 0.498577671522584 -0.8058558052426305
-0.9785626869962474 0.09428896943776112 0.1830973999297894 -0.00567744007430012 0.118393111112543 0.1648104348588756 0.9041295018389957 0.4066617038125644 -0.1272217793199526 0.4257163267111183 -0.8949335779809535
-0.9140274721399958 0.2944096870938622 0.2790640003989467 0.0534968881420859 0.2413963991257435 0.3746518662761293 0.3350568763275616 0.8810023500567965 -0.167225120074364 -0.8899709251277067 0.4095812928268432
-0.8662742107475354 0.4827575776054548 0.1285072490494129 -0.02321522208945642 0.3609067173530045 0.3949043780344811 0.4839532179296396 0.8184795657979483 -0.320474807997406 -0.731260007780162 0.5870061498334385
-0.8710767757933672 0.01204199578060444 -0.4909992270982224 -0.3925083642372211 0.03676528666649062 -0.4366021842300814 -0.5258449833468863 0.7488344004640289 0.2368372120661495 -0.862467512515076 -0.4675540686214711
-0.4541796899534518 -0.6788857839301844 0.5769184531727907 0.3071136023062799 -0.3889161465013473 0.8793542232238857 -0.5050898350935717 0.09340977013152145 -0.223047721715043 -0.5349040158983889 -0.7926004421825849
-0.3239869225121855 -0.8239681843804653 0.4648751500885402 0.2887196171994551 -0.5464615974318624 -0.4468228097221802 0.5998722607156122 0.7473649745772463 -0.8473100800294702 0.02626640966568296 -0.5276591419537671
-0.3325778005840738 -0.5745050745555542 0.7478876425430341 0.4414879594428893 -0.3340378389657134 -0.4256471614786629 0.8058625640195297 0.4297519218847743 -0.8282232067806673 -0.1687725443524483 -0.5038334226857455
-0.188381755166041 -0.4797359042059501 0.8569514435113936 0.5652129813792025 -0.2931006404016726 0.6158980909091778 0.6502150909336334 0.4961815789759947 -0.7720065219183734 0.61141769358761 0.1570480144492229
-0.2373204708537783 -0.2555224202988334 0.9372231787778017 0.6008143566979052 -0.1212774267693207 0.6349688395715321 0.7909520454688562 0.3694749330709381 -0.7319272536188181 0.5965266089885883 -0.01914322743417971
-0.04323742081457158 -0.3829808654883708 0.9227438334180739 0.6850701929264087 -0.2498852498610911 -0.09419712801934735 0.9880565446094464 0.4017822216541206 -1.00423118759173 -0.06135386773756435 -0.08455974742616698
-0.2993798641223472 0.002360750476518486 0.9541310831407143 0.6096511211142644 0.06879776633644152 0.9913331361494014 -0.2185668288695641 0.2665716853287065 -0.1930167848740447 -0.9403436004836385 -0.05320889241986059
-0.2621229452565305 0.2626610045505692 0.9286015067070092 0.6589158808362822 0.2645051520532399 -0.5443516944362005 0.8926159430851354 -0.3976177138718036 -0.7886895585291068 -0.5145814867329135 -0.07544719578178656
-0.001024699325741559 0.3635140602808515 0.9315881482551296 0.9228652802561753 0.3851229342660483 0.1138129082586578 0.993931829712444 -0.3817210658960727 -0.986521202599247 0.08955846273491933 -0.06094460713004123
-0.2067718316576962 0.4672479710156993 0.8596073191955926 0.6664230896748976 0.4334815543691871 -0.06558760393268141 0.9030943844091911 -0.501405529045124 -0.9646971531854938 -0.1498077686383863 -0.1436329988965902
0.03512708101289612 0.5535187400709278 0.8320956030227572 0.8305724006136322 0.5569106636965289 -0.282424373026715 0.8387703463520004 -0.5333653240233661 -0.9581783815553062 -0.2090396801916443 0.1786329920815755
-0.1385432668050676 0.6356945468179424 0.759406482964763 0.6286509153608005 0.5962317547889815 -0.4467303965681642 0.66137571188866 -0.6534971606391043 -0.8592121130699797 -0.39626959082531 0.186310044801011
0.1084431901194302 0.6990388485455854 0.7068131031190518 0.714252952286342 0.6998876482338034 0.9039793702795405 -0.4157803460077077 0.2962277202495916 -0.4890345467409949 -0.5982542876574654 0.652655891630101
-0.06008715701870763 0.7995436703671427 0.5975947228157616 0.5595873716927116 0.8287713637922361 0.785031794199569 0.4084208912859782 -0.4525650500213791 0.6013364514134019 -0.4378394465627214 0.6479631079587472
0 1 2
0 2 3
3 4 0
3 2 5
5 2 6
5 6 7
6 8 7
8 9 7
8 10 9
11 10 8
8 12 11
11 12 13
11 13 14
11 14 15
16 11 15
16 15 17
15 18 17
17 18 19
19 18 20
20 21 19
22 21 20
23 22 20
23 20 24
23 24 25
23 25 26
27 23 26
27 26 28
27 28 29
30 27 29
30 29 31
32 30 31
32 33 30
33 22 30
29 34 31
31 34 35
34 36 35
37 36 34
37 34 38
39 37 38
40 39 38
28 40 38
28 41 40
40 41 42
40 42 43
42 44 43
44 45 43
43 45 46
43 46 39
46 47 39
46 48 47
48 49 47
49 50 47
50 37 47
49 51 50
49 52 51
53 52 49
54 52 53
55 54 53
56 55 53
48 56 53
48 57 56
56 57 58
56 58 59
58 60 59
60 61 59
59 61 62
59 62 55
62 63 55
62 64 63
62 65 64
64 65 66
66 67 64
68 67 66
68 66 69
66 70 69
70 71 69
70 72 71
71 72 73
74 71 73
74 73 75
75 73 76
75 76 77
78 75 77
79 78 77
79 77 80
81 79 80
81 80 82
83 81 82
83 82 84
85 83 84
85 84 86
87 85 86
87 86 88
89 87 88
90 89 88
90 88 91
92 90 91
92 91 93
94 92 93
94 93 95
94 95 96
25 94 96
25 97 94
95 98 96
96 98 41
96 41 26
99 98 95
100 99 95
100 101 99
101 102 99
102 103 99
44 103 102
102 104 44
105 104 102
105 102 106
107 105 106
107 106 108
107 108 109
107 109 110
111 107 110
111 110 60
110 112 60
110 113 112
113 114 112
112 114 115
112 115 61
115 65 61
115 114 70
116 114 113
113 117 116
116 117 118
76 116 118
76 118 119
118 120 119
119 120 121
80 119 121
121 120 122
122 123 121
121 123 82
124 123 122
124 122 125
125 126 124
126 127 124
124 127 86
91 127 126
126 128 91
129 128 126
100 128 129
93 128 100
125 129 126
130 129 125
130 125 131
130 131 108
131 132 108
131 120 132
101 129 130
106 101 130
125 122 131
84 123 124
122 120 131
132 120 118
118 117 132
132 117 109
109 117 113
116 72 114
109 113 110
108 132 109
106 130 108
111 105 107
133 105 111
58 133 111
133 104 105
45 104 133
57 45 133
106 102 101
100 129 101
99 103 98
98 103 42
93 100 95
94 97 92
92 97 134
97 135 134
134 135 14
134 14 136
134 136 90
24 135 97
18 135 24
91 128 93
92 134 90
88 127 91
90 136 89
89 136 137
89 137 138
137 139 138
138 139 2
138 2 140
138 140 87
137 12 139
139 12 6
136 13 137
89 138 87
86 127 88
87 140 85
85 140 141
140 1 141
141 1 142
141 142 143
83 141 143
143 142 144
144 145 143
143 145 81
144 146 145
145 146 147
79 145 147
142 1 4
84 124 86
85 141 83
82 123 84
83 143 81
80 121 82
81 145 79
77 119 80
79 147 78
76 119 77
76 73 116
73 72 116
114 72 70
66 115 70
66 65 115
61 65 62
112 61 60
58 111 60
58 57 133
56 59 55
63 54 55
48 53 49
46 57 48
46 45 57
44 104 45
42 103 44
41 98 42
40 43 39
47 37 39
50 36 37
38 34 29
30 22 27
28 38 29
26 41 28
25 96 26
24 97 25
27 22 23
33 21 22
20 18 24
15 135 18
14 135 15
14 13 136
13 12 137
16 10 11
6 12 8
2 139 6
2 1 140
4 1 0
3
153 272
-0.08057785861216013 -0.5090907113492616 -0.8569328190233944 -0.7533912950373595 0.4717653173281384 -0.01708515221908159 -0.8710076456040969 0.5349625575435315 -1.015713732231104 0.04923877697129421 0.04772993383548071
0.1440272879524249 -0.6595183523564038 -0.7377612643871754 -0.5213364651309982 0.5593893023610471 -0.4405528940065123 -0.7199844806597586 0.5538965588332389 -0.8636808285647726 0.2455685536311026 -0.3677429254999593
-0.08125246647037801 -0.7082547221712902 -0.7012654883954782 -0.6641557936205358 0.7475941959380614 -0.1206346095772862 -0.6955440161932696 0.7242086125668546 -0.9710281522328988 0.137420423740776 -0.02976718064857176
-0.2425457931062681 -0.6172328215661061 -0.7484618776049952 -0.7820791160110241 0.6231791526514791 0.8977283213187447 -0.5184295289454186 0.1302707998141567 0.4507362373635844 0.6194469141812069 -0.6409656954543984
-0.2952473174404847 -0.4346707787999275 -0.8508174513969857 -0.8874645824279745 0.4608759214104604 0.9164622157540088 -0.438278812626015 -0.1053931194287022 0.3146146072949612 0.7821876890868852 -0.5169587142776165
-0.1602311902286896 -0.3108892491929451 -0.9368424843132085 -0.956143942630066 0.2928971849844809 1.025520428037744 0.2304178727446828 -0.2521786008246114 -0.2680522055751658 0.9218289713840724 -0.2477892326027608
0.03525186171209188 -0.359158463200937 -0.9326105856985394 -0.7407960767791316 0.310715029937883 0.05494518718068137 -0.9707739975983977 0.3637074235105993 -0.9974775733765203 -0.06586791296010178 -0.02511982051906156
0.1829122096262856 -0.4622034255060815 -0.8677045101992232 -0.5890821998375585 0.3730997352627936 -0.6119281165552304 -0.7510332147921507 0.2750057400938085 -0.7493847578869816 0.4603575268316215 -0.4102671096987827
0.2802896651321837 -0.2172149385621014 -0.9350162426854149 -0.5853129906162081 0.1836236613915876 0.2404802014888778 -0.9244814247278038 0.2998049277677433 -0.8912926274206355 -0.2962462222181117 -0.1985821227224316
0.4115404256394262 -0.4205465327563634 -0.8085635979013159 -0.4402224679488597 0.3092353089307625 0.8492847000942644 0.4930343783975453 0.1865687804388161 -0.3135288023554402 0.7485185621910675 -0.5508433346019866
0.5641963393634866 -0.2221648175605751 -0.7951888357409942 -0.3792152508997205 0.1744942190084518 -0.2758058934869765 -0.9557594271375405 0.07151881918466348 -0.7793566603565696 0.1813567112605886 -0.5819136007439257
0.464723172043768 -1.138205898506576e-16 -0.8854560256532101 -0.4721751623646459 0.04500430488788206 0.7992098489142302 -0.4576349163280037 0.4246336941927101 0.3886279858643178 0.8682299050344708 0.2042631266987828
0.2393156642875574 -5.861349661115315e-17 -0.9709418174260521 -0.6325983783911706 0.03812476336157799 0.6458147550496663 -0.7950468123294715 0.1522080597937004 -0.6995532955516355 -0.5997705494546028 -0.1646681739198455
0.3910662273100923 0.2287620625476733 -0.8914791778815619 -0.5133501513289885 -0.09935307301133052 0.3443197109348927 -0.9872432574923389 -0.09226979216748078 -0.8253327175658335 -0.2503384787836732 -0.401359389648206
0.5920335174661865 0.2344370448557364 -0.7710613375055996 -0.3690470902263501 -0.08431364746010461 0.7729898035619367 0.3819312400743896 0.6695506207965258 -0.4061658228557056 0.893156441553193 -0.04056796728486679
0.6631226582407952 -1.624128441290525e-16 -0.7485107481711011 -0.3275259932188975 0.0493696095724863 0.6978095171007739 0.4858396515405423 0.6230623956412079 -0.3398023897265269 0.8781712087939277 -0.3041959423559322
0.7320982063840297 0.2082620155886029 -0.6485824150192937 -0.2629457223068227 -0.05859481753147475 0.6926787275233698 -0.002510505387828949 0.8019387297681344 -0.1666890672539585 0.950955664666813 0.1469555540126311
0.8229838658936564 -2.01566254253335e-16 -0.5680647467311559 -0.1940011344729143 0.05311022781834401 0.4115820369621827 0.6812059517276492 0.6138202692219475 -0.3810133023932814 0.7224602473381474 -0.5462934446425266
0.7418423488335599 -0.2148470893046883 -0.6352248874960821 -0.2407919782117561 0.1650635019276524 0.643926109817654 -0.1773811364861892 0.7997577147309382 0.2784814333135943 0.9837973743807972 -0.006019785219442534
0.6127688155397821 -0.4185107444035278 -0.6703455344229403 -0.2892482709999709 0.2874161245156179 0.5170893018638963 -0.4558378319261244 0.767371496739893 -0.5957289483091514 -0.7773618113081652 -0.06034346715288875
0.7629239511079372 -0.4012961999411949 -0.5068613269313513 -0.1626918879868585 0.2660034694869099 -0.4482542189799254 -0.8970678834434724 0.04173971036280717 -0.445834821835923 0.1831304040945935 -0.8521126656528875
0.6584908801968603 -0.5927383031943274 -0.4637359859056378 -0.1564357014248399 0.3899656599226498 -0.7495675475114567 -0.6127386510622891 -0.2800567236705669 -0.1168618939407082 0.5155780448941357 -0.8152588144095326
0.4910939345377303 -0.5994895681190985 -0.6320118710725522 -0.3008646564158984 0.4204544691955091 0.7489028097352711 0.6975941523903508 -0.07241731963427851 -0.4725128769072736 0.4275467766029936 -0.7679390814409209
0.328228482583365 -0.5858722382734916 -0.7409586922639013 -0.4309340092289698 0.4426605949672859 0.9063665765708006 0.5211744641947407 -0.01476672791159431 -0.378548783289509 0.6395448331764587 -0.662945039314505
0.3206265247396096 -0.7241645545659542 -0.6105606681925178 -0.3474634079649571 0.5580681567422581 0.2697501223948614 -0.5653704623954214 0.8234290558982594 -0.9235022393100245 -0.4139729966821039 0.0182975538991545
0.4897056996568592 -0.7487897672777791 -0.4466567050248718 -0.1843296819638765 0.5304767978653364 0.6623732012323855 0.6619417731281404 -0.389273545847991 -0.574430513700401 0.1041298339553474 -0.8003613259736352
0.2778532584039203 -0.8616966295579334 -0.424589784854537 -0.2329481725867532 0.7038745877509534 0.9296481911888649 0.1362467698393929 0.3335727299425849 0.2254846873167895 0.4743603918507935 -0.8221640386534715
0.4369308983902412 -0.8666747274676554 -0.2407619297163944 -0.05779473147899285 0.6392280459747701 0.8091541233122738 0.2611036327999485 0.5312814094179408 0.3942091291614764 0.423837108118845 -0.8086888480142927
0.6345861970213414 -0.7295950810027904 -0.2549340627035214 -0.03392307538805989 0.4859585779640439 -0.2383444117674421 -0.5092960696607928 0.853994622821232 -0.7329369804781473 -0.4658129779376363 -0.4823545035617004
0.565478252475731 -0.8235902428320521 -0.04397110288399369 0.09563552696788646 0.5728878925038914 0.1474752466823627 0.04886914192249076 0.9932569368958517 -0.8021373708544391 -0.5592734063099525 0.1466152540161981
0.3614163978187929 -0.9321613896966918 -0.02129156984396137 0.09214488692641051 0.7246467519361026 0.5027011223619755 0.1744694320553647 0.8576563951881788 -0.782207156597671 -0.3142346665515419 0.52240123417755
0.4680649139060686 -0.8667375794322963 0.1722823402730189 0.2466195846497574 0.6478369275589053 0.3986410346021496 0.3839811957426733 0.8350516620188811 -0.7860381314435015 -0.3215763286527462 0.5231129246517462
0.6657982116960069 -0.7300113983174874 0.1542598445122572 0.2348825856652614 0.4976102127766176 0.1900576768353745 0.3641765243319195 0.9121135515716916 -0.7080153476989596 -0.5644818314564319 0.3729083763635317
0.5526353127119834 -0.7502979850622177 0.362832116488197 0.3948453776087285 0.5583687112290201 0.2794467973707849 0.5785830414861556 0.7754881730121893 -0.7871617371384332 -0.3235859470570566 0.5250772120804585
0.7340684586942463 -0.5919816915313127 0.3327178607198285 0.3551052701943959 0.4099711563345221 -0.1084988173311404 0.391573527974642 0.9239260695510123 0.6653476003384924 0.6965805566071043 -0.2170878005594263
0.8183246194447138 -0.5602698152491449 0.1282285121622861 0.2142233694936205 0.366291824637605 -0.5552503273721739 -0.6716485092198712 0.5391586159923494 -0.2078634884946617 -0.4971217228008303 -0.8333490752594233
0.8679611474838135 -0.395835802559183 0.2999290980730434 0.3149037992023956 0.2746829021828598 -0.4655967340632427 -0.8885927858228395 0.1513121493407819 0.199271851206988 -0.2638074000566595 -0.9360585388640905
0.7529061231681532 -0.4240682310373191 0.5032876961746439 0.4688302904960276 0.3132370668469028 -0.4008505391159159 0.3406646649781432 0.8860491756959898 0.5318757705409159 0.8416343466574092 -0.08296649372353576
0.8699542301943959 -0.2169179966929021 0.4428614005279916 0.3947531389586346 0.1781247522662618 -0.2822931675119522 0.5373440427292964 0.8079200176346604 0.409713410149614 0.8210186360229107 -0.4028990117937395
0.7285251809931494 -0.2350249086620189 0.6434394710983377 0.5585640533302758 0.2000904682759994 -0.6835117982176722 -0.3397198223273049 0.6453829304018976 -0.07166385090452816 0.8886989381664184 0.391899980403726
0.8229838658936566 -2.01566254253335e-16 0.5680647467311555 0.4620756366608614 0.05612623953407992 -0.3076285221170852 -0.8619863367721246 0.4417718678308925 0.4723637356898516 -0.5229509883792947 -0.6914520165629588
0.9350162426854148 -2.29005366343937e-16 0.3546048870425355 0.318861982787042 0.05888675410578207 -0.3546499820540432 -0.09680929790346364 0.9426429611398554 -0.03162317702637388 0.9895709776052967 0.08973123005176527
0.8768963591760197 0.2094743302234192 0.4326352739216844 0.3527982468168806 -0.05478337595902943 0.4638518614683471 -0.7207276577045943 -0.5701366234824846 0.1814465767037124 0.6587123643249935 -0.6850777006643761
0.7320982063866326 0.2082620155908414 0.6485824150156366 0.507050014835399 -0.07226158751824359 0.4764172750499543 -0.8713459852227744 -0.2540953338428084 0.4773857354507431 0.4684205211668183 -0.7112351358459243
0.6631226582407956 -1.624128441290526e-16 0.7485107481711007 0.6197211056706299 0.04852544667611297 0.008825426991446219 1.048037259926491 0.01066915169300165 -0.752933766573408 -0.0004313392751132749 0.6651908064004617
0.5591805530611869 0.1761653077317716 0.8101128893123201 0.6654787872549512 -0.07992176772272787 0.1274794636647971 0.9557099769635647 -0.3366409265278932 -0.8278568290845828 0.2879963104291053 0.5041163722818719
0.4647231720437685 -1.138205898506577e-16 0.8854560256532099 0.7962947391706823 0.03208214395646912 0.4217370912858751 0.9573645265121736 -0.2126842744270329 -0.8175787425036762 0.4545693707865479 0.4249741073374254
0.5219413467049689 -0.2265501708234159 0.8223455786344841 0.768172431786883 0.2080518192337828 0.8390676577073337 0.2547389131419387 -0.4753991465270255 0.0991466522455078 -0.9087232600840481 -0.311940876282195
0.5865638518805241 -0.4383068487082898 0.6810506251685634 0.6581089179636513 0.3600912124216987 0.1599800322639116 0.8867261027406347 0.4185735111104825 -0.7680494773756352 -0.1260186815247319 0.5605147680973207
0.3491389429907661 -0.3986661323559095 0.8480373301922923 0.9248523901423994 0.3803262500116067 0.8196436824364217 -0.3067140400168641 -0.4965652270833593 -0.4470478274766386 -0.8509589703286662 -0.2122961055474015
0.3054819414719799 -0.1800705676921114 0.9350162426854148 0.9846792175325667 0.1743755675530607 0.8491871439693288 -0.552497938086511 -0.3807787027468724 -0.5242707835252076 -0.8050451421273302 -0.001098349864118074
0.3766001388175491 -0.5834186086336892 0.7195797819161771 0.8288647450525355 0.559449045408959 0.5711497555616862 0.8078828411746455 0.3348250858130848 -0.7051941810122117 0.2514280256278079 0.5962728148899084
0.591035580358708 -0.6089514327001941 0.5290133224810376 0.5332841621591419 0.4697725786682671 0.2926264054743866 0.8066040114789798 0.5829048990079997 -0.7395402111152418 -0.1748074500218332 0.6131521363342309
0.4093631063818509 -0.7216298608245527 0.558276088597513 0.5904071294786176 0.6146316949904177 0.6706459313519617 0.6788563601316249 0.4108317621741764 -0.6335778582559086 0.1929509074929521 0.7154277958787545
0.2316437833877217 -0.6894486561450029 0.6862956419486226 0.7263863600919538 0.6872865893296352 0.8598899560150448 0.541062975562142 0.2540944298054294 0.5080168482121842 -0.4920605337003756 -0.6714151462276986
0.1835437751140477 -0.8168155033410371 0.5469224041110512 0.5956579577879697 0.8032381946370983 0.9506221023511209 0.005089442529687972 -0.3044328452584848 -0.242018352951249 -0.5631886834584858 -0.7651418549471131
0.3388965311900554 -0.8625154942012665 0.3757873912335177 0.4166154567509988 0.7215271442356256 0.8304890866936619 0.07789806996935984 -0.5676145108679392 -0.4489985745711148 -0.4932246261577535 -0.724628519331607
0.09904657436598385 -0.9266533691145716 0.3626338506192948 0.417799476124663 0.908539265937338 -0.5605537243417622 0.2452248515315447 0.7701710746895453 -0.8012411835648577 -0.2768854407985807 -0.4950063056910847
0.2516363803345505 -0.9490691535350735 0.1895966083566488 0.2565555880433196 0.8061265824278583 0.8354699951918358 0.1025364215214298 -0.6069852825141727 -0.5304136697305363 -0.2916156246722863 -0.7793367357338561
0.03399758433803744 -0.9871857164977481 0.1559119155228547 0.2269646258455203 0.9739030026726495 0.01846494118308254 0.182939779110835 0.9876901454924307 -0.9898024413976 -0.01671470554475465 0.02160032526486491
0.1384635917538218 -0.9903623833806074 -0.00319113511367936 0.08213664756989629 0.8859102570277223 -0.329104411014465 -0.05220156246850475 1.012541644348596 -0.9374738877654912 -0.1350656903797356 -0.3116685950741653
0.2226858827469159 -0.9540303610408485 -0.2005917940432641 -0.07386382427763578 0.8143589669457545 0.7971518352165607 0.05070612543934389 0.6148711992241772 0.5631974709286895 0.2952201461248307 -0.754504956301612
-0.0002523360063256483 -0.9878668062288698 -0.1553032822502877 -0.08542539296567168 0.9963445700342128 0.6792153027048626 -0.1263565233882236 0.7484542265749866 -0.7492051904499787 -0.1080494683880862 0.6616555260917574
0.05162975440642595 -0.9266312824515502 -0.3724094988613039 -0.289198623358619 0.9572691138062898 0.9993336053798255 0.05686134095051489 -0.002546466281458261 -0.0229394720621794 0.3626539041078599 -0.9044683016875523
0.09919055446405846 -0.8100097318524655 -0.577966667040072 -0.4256387774564223 0.7321651751037582 0.4315493751570928 -0.4951065532356237 0.7720727702091688 -0.883451508301385 -0.3148512700083376 0.2918999711028676
-0.1292565382779517 -0.849340568744 -0.5117747019910411 -0.4880697223683786 0.8728046437246161 0.9411382901413279 0.05959161493773628 -0.3373583586221259 -0.3095344306614615 0.5129407121126048 -0.7729102681061997
-0.05987247550730349 -0.9981180049672537 0.01325650168094307 0.0752215921959459 0.9971668426434499 0.08021663420271699 0.01174615863391391 1.074231579158117 -1.007312266066135 0.05714678526707681 0.07459466461837937
0.2393156642875587 -5.861349661115348e-17 0.9709418174260518 1 0 0.9868635469143471 0.017913392637914 -0.2268333410329486 0.01564064748750263 -0.9703207738113933 -0.008581419916446342
0.3468294909785052 0.2082620155914984 0.9145142082271644 0.8164087576844373 -0.1475305689747565 0.681702588071504 0.6723362061793929 -0.4151422038960236 -0.6507873468313309 0.7118411107863157 0.08419556692011278
0.1127802705213255 0.2051915466316417 0.9722021599297399 0.9766580196370468 -0.214800169177405 0.8619028976485932 0.5645771507330566 -0.2182883334216706 0.5495280817378408 -0.8008458640929895 0.09849619320521508
0.2135179335304737 0.4073578931421267 0.8879581290554661 0.8030277397738644 -0.3439102322896203 1.0044143642342 0.03759832247066949 -0.2561948069851976 0.1300729161920966 -0.9006450475552487 0.3777764414138629
-0.001024699325741559 0.3635140602808515 0.9315881482551296 0.9228652802561749 -0.385122934266049 0.1138129082586578 0.993931829712444 -0.3817210658960727 -0.986521202599247 0.08955846273491933 -0.06094460713004123
0.03512708101289612 0.5535187400709278 0.8320956030227572 0.8305724006136315 -0.5569106636965296 -0.282424373026715 0.8387703463520004 -0.5333653240233661 -0.9581783815553062 -0.2090396801916443 0.1786329920815755
0.2595339137453112 0.5903132204339996 0.7643117488282393 0.6718382429548763 -0.4756272656932618 0.7877686305383682 -0.6272940000175805 0.2075991824465631 -0.5941894841537333 -0.5413423080232467 0.6189959561450176
0.4335217754526329 0.4273936799306815 0.7933432501532405 0.6501834553779563 -0.2809243701302205 0.841837835518118 0.09768350706955227 -0.5106458053006405 0.283994032013225 -0.8689172039594069 0.3019667248289029
0.4658746257534415 0.6124865059202365 0.6386087324369367 0.5067957607697614 -0.3874324121313922 -0.1549651146942638 0.7863083367259973 -0.6408497315215081 -0.8539816013332828 0.1881406220350202 0.4373472946847102
0.6276906331745256 0.4402424042799529 0.6420211012877768 0.4947155264136529 -0.2296074727816504 0.785414332189568 -0.3425225311609379 -0.5252443863825215 0.001555204225958699 -0.8023188926636501 0.5255339890504152
0.6285838758382496 0.622985136526652 0.4655876187175009 0.3597013014711383 -0.3291722973392077 0.2153722875896835 -0.7307962089529423 0.679851070709405 -0.7443191355796474 0.3173190424626793 0.5768929182940279
0.4383859700334322 0.7712784168114278 0.4614621815909772 0.3640612696970811 -0.4813959238635967 -0.1014346059094924 0.5548105893759716 -0.8316762284417312 -0.8687448262030616 0.3089845928783363 0.3120790330283282
0.5839007783863537 0.7637985878562196 0.2750847109322055 0.2263535448162316 -0.410422079196455 -0.3847167348432495 0.5623629962252098 -0.7452644276835999 -0.7108453818319095 0.3236090405710153 0.6111386066734706
0.3777716345222997 0.8878415089075198 0.2627280860722137 0.2101611494548838 -0.55588144928538 -0.5652915643853011 0.4463290059886103 -0.6938294943779245 -0.7193763827380644 0.111621867948481 0.6579101664698571
0.5099963529389061 0.8576641503406298 0.06569570160596845 0.08129084869512726 -0.4752541660146002 0.8495648793887791 -0.5146428789911144 0.1101888151154335 -0.1266915130024381 0.0005939753044132101 0.9795762393046443
0.2902507917961972 0.9556204913102235 0.05043762930280769 0.04513845274678688 -0.6207239238578656 0.8835015388669927 -0.2879453998921088 0.3769051180325395 -0.3715120975415933 0.06458458418262522 0.9202006744177214
0.4112129151458494 0.8990666752107858 -0.1502765848117261 -0.07643446275475076 -0.5273211499012498 0.8328169012720833 -0.3045936859322722 0.4733285573453236 -0.3762700379906603 0.312474489526045 0.8631251955233215
0.1811254655271126 0.9696788105700226 -0.1640627016390172 -0.1360694115825132 -0.6777597386516474 0.8293073466494858 -0.06046677479807167 0.5603664323711445 -0.5307333939940225 0.2359544695452618 0.8109131494569696
0.05321370154359793 0.9978473653031026 0.03832672077918368 0.005251253145267486 -0.7838356572683711 0.8894769990912041 -0.02960878036922081 -0.4647987235355737 0.46038144283731 -0.05708830093921913 0.884660388153798
-0.05936655690093996 0.9828978598102619 -0.1743198471262929 -0.2014220764066889 -0.8411020841803452 -0.01508588610700973 -0.1768458381707245 -0.9894006971147593 -0.990149294772159 -0.05486884550517043 0.02490457762415809
-0.1865050408622672 0.9821044388060952 0.02620574384230842 -0.04367127749562543 -0.9990459546596944 0.5735557747293184 0.1324817241171894 -0.8207007780957613 -0.7925843518863217 -0.133739122724321 -0.5754951550561614
-0.07483340855968136 0.9684468495134482 0.2377197102278576 0.1758464798906659 -0.8612952266074461 0.9560733615604957 0.1437293858104786 -0.2715708322267876 0.2929544926744951 -0.2024507240819979 0.9242077520194178
-0.3099099628979518 0.9237321932148073 0.2251103065502604 0.17209511666993 -0.9850803372407567 0.8561293661794942 0.3763848502873616 -0.3659094743350111 0.4154566927894089 -0.07858062151318407 0.8912262252890647
-0.1890178585794543 0.8807896098739245 0.434145035991634 0.3831523569185907 -0.9236851581506162 0.2412847618290786 0.4701995856796526 -0.8557655025896862 -0.9386922142154909 -0.06111384422298824 -0.2982450575518338
0.02733660806336462 0.9044856680427661 0.4256270505557903 0.3573634392326522 -0.7787815328575486 1.032481101553373 0.03450222596517465 -0.1326985527774614 0.1297056623449274 -0.4245191304324181 0.8988175656361789
0.1530305123283124 0.9576240987745667 0.2440035814137428 0.1878190577292439 -0.707766722076701 0.9719715171438814 -0.2131532934515619 0.2198398660233801 -0.2552012815124225 -0.1981537048468324 0.9361871697514262
0.2233654301278119 0.868765136889828 0.4419898432640911 0.3615721660663118 -0.6413195549252034 0.9859951965314283 -0.2460071495504669 -0.04389224267664445 -0.06775130116987937 -0.4314731398334709 0.8963547389366338
0.114143259842358 0.8140503332317387 0.5694676208511377 0.507287561972923 -0.704336411707742 0.9370565780717992 0.2147219148922551 -0.4970377379444613 0.4843116733329546 -0.5411112089437341 0.6793025531137264
0.2761556849256501 0.7412537627007951 0.6117850087777229 0.5217188083626598 -0.5636343296046777 0.8233160722330404 0.1843261856140469 -0.6050593985418943 0.5435604116073536 -0.6533320190849123 0.540601178787982
0.1084431901194302 0.6990388485455854 0.7068131031190518 0.7142529522863419 -0.6998876482338038 0.9039793702795405 -0.4157803460077077 0.2962277202495916 -0.4890345467409949 -0.5982542876574654 0.652655891630101
-0.06008715701870763 0.7995436703671427 0.5975947228157616 0.5595873716927118 -0.8287713637922361 0.785031794199569 0.4084208912859782 -0.4525650500213791 0.6013364514134019 -0.4378394465627214 0.6479631079587472
-0.2915291239563532 0.9407879483538145 -0.1729994396449354 -0.2467148093158756 -0.9690881295652275 0.2493277433740135 -0.1083146840158356 -0.9917606861482174 -0.9294891654302413 -0.319924750492583 -0.1987323056879192
-0.1738508006900977 0.9110183413627416 -0.3739271062655009 -0.4440334329714483 -0.8960102178008855 0.8358333510316071 0.3406538073161808 0.4393503328222959 -0.5193296994312028 0.2352215113688179 0.8056076281579264
0.06675007920743729 0.9259418853382607 -0.3717203947889165 -0.3466334106916678 -0.723521622058876 0.8194501060732414 -0.2616303108458499 -0.5042597072294482 0.5573774628764474 0.2676778929851562 0.7668873106149434
-0.04615514672698437 0.8269795148369193 -0.5603343506074779 -0.6261319596671192 -0.7797171083690629 -0.5308377807841799 -0.5038698111185378 -0.7209206980512137 -0.8577831482931657 0.2617167657427639 0.4486936307794437
0.1941420959437823 0.8160592162224755 -0.544386078257806 -0.4280573335873193 -0.5755403269158686 0.4470742725875334 -0.5709765108014275 -0.6988721928504139 -0.8492475060790202 -0.1025966432414186 -0.4594494400177948
0.09237570820689463 0.70335025234571 -0.7048156858771666 -0.5950695154910673 -0.5375415933089822 -0.56251063809952 -0.5735020493871305 -0.6465614684391461 -0.8265774508018818 0.4431374434457362 0.3260608427871074
-0.08868863680828842 0.7127282080173456 -0.6958109133934813 -0.7448090697334266 -0.6672776405985948 0.979328390726242 0.3389885369587854 0.2126062384542677 -0.374415193821123 0.6450766327141639 0.6961312440982577
-0.01355548593496626 0.5300933455209708 -0.8478309347006935 -0.7357327607700141 -0.4074809755049608 0.9575573783086442 0.2771292696688443 0.1614867496082661 -0.3071301621997419 0.7807311750529741 0.481347805649222
0.2088678669148752 0.5387869882818752 -0.8161389559557712 -0.5753344804584428 -0.3484454022975869 0.8061638241259746 0.4066852657721395 0.478388693985173 -0.543121360975495 0.6956480908779024 0.3238683659416707
0.3153244699850847 0.6597060995818499 -0.6821717824735407 -0.4479594015872272 -0.4059601535423105 0.4708420884047754 -0.7312420631259635 -0.4881347141739622 -0.8001852719428594 -0.1599591129664198 -0.5322138852807959
0.4240036920741316 0.4477606282084911 -0.7872301372113764 -0.4492184248848107 -0.2341194538038016 0.661511206168708 0.4821169692816976 0.6264852912285015 -0.6461530527439813 0.7708288891957708 0.08908077839622626
0.2266175036205098 0.3512206605939993 -0.908453936435262 -0.6101156879150682 -0.2041511838915022 0.3544082164743801 -0.9761293421362174 -0.3217290390387919 -0.8925883338485765 -0.228289991868089 -0.2906174716027386
0.1178936810653016 0.2082620155916078 -0.9709418174260463 -0.7074227964426782 -0.1171894962574087 0.6552854796199762 -0.8667540734701835 -0.06675474701967936 -0.7299424520625379 -0.5354401833818646 -0.2131043915833391
-0.02792310901463163 0.2824589158114951 -0.9588729117362487 -0.8027987184939905 -0.1978721585080835 0.8145873744155084 -0.604524932770967 -0.2076791074780326 0.5908960907607271 0.7271142529104107 0.2011651570301065
6.123031769111886e-17 -1.499660721822137e-32 -1 -0.8133344928438938 0.02603039089105641 0.7006584306842339 -0.7514103433385724 -0.03915553143547352 -0.7382488498398301 -0.687332213542433 -0.02022054071569087
-0.0107193669629066 -0.1712839258378326 -0.9851633935147481 -0.8205839486001384 0.1601178660303307 0.5160782506980106 -0.9100352083996888 0.1649367557982731 -0.8746566192026005 -0.4838873056109775 0.06691518177647911
-0.2075813455017456 -0.0475412101082452 -0.9770618293338087 -0.9985275407856365 0.05424712243602529 -0.6568283654347695 -0.8047547688244618 0.1964230412958963 -0.7579241516645462 0.6467467470825545 0.11529425023473
-0.2356267983049209 0.160084695792815 -0.9585681520337999 -0.9909548177392669 -0.1341959358525308 -0.568089697170851 -0.8812715922802893 -0.0148193174092833 -0.7845878652767699 0.501252230609618 0.2683613067852002
-0.2318723349787237 0.3913351479013616 -0.8905571415066716 -0.9389986601187814 -0.3439207994511717 0.8830431736239703 -0.3269996341432707 -0.3720401008250837 0.4247262024334084 0.8449117217321518 0.2654707103058079
-0.2087221851259151 0.6000877986350804 -0.7722238557345702 -0.8432063259274136 -0.5375900779553063 0.8688380158458318 -0.2759093098667963 -0.4695091828086045 0.474879891627514 0.742476908783702 0.4424565459391099
0.5285181217593897 0.5917753970839496 -0.6086628577283657 -0.3169721752581962 -0.302241004527935 0.8196628349575062 -0.5919287969004462 0.1310158711770085 0.2768688705098993 0.552687601678395 0.7648888864332073
0.6058528324968725 0.410145936586111 -0.6817056960722995 -0.323935399762107 -0.1821543263362064 0.6845178848284506 0.2506506803840278 0.7740353408646249 -0.4439220414520337 0.860898238632309 0.1138033923496017
0.7209369169637539 0.4853949048765382 -0.4946127253505452 -0.196923728053486 -0.2069472172007326 0.6925734662057444 -0.6444395625039071 0.3817164343049604 -0.1333989739785321 -0.593315965242677 -0.7596416219253261
0.5864023068741019 0.6728162880557694 -0.4510549600875569 -0.2141628515590849 -0.3369737996565358 -0.4383717737550814 -0.2291404720769645 -0.9099837837294327 -0.6987360242008971 0.7222013326918868 0.154750665369834
0.6985061017054897 0.6497374047234098 -0.2998841956213901 -0.10358031216596 -0.3004818770987033 -0.2381250632586411 0.6205372638306834 0.7790706234637318 -0.6718515438500862 0.4602910728523706 -0.57197953673575
0.8430734470275125 0.4579027964751512 -0.2820499812043681 -0.06188394084895663 -0.1771765622828166 0.3010524094063116 -0.8552537363750745 -0.4753887538511087 -0.4384193579178965 0.3023255297604982 -0.8215428736942975
0.7876960641939541 0.6073110838272906 -0.10348022957974 0.01938236563420625 -0.2641218305682645 -0.340828568411067 0.5788922261343338 0.7678056142563223 -0.5051476429083093 0.5478590028035272 -0.6372968061496624
0.617458063242058 0.7752981234344303 -0.13288476186688 -0.02661275845745772 -0.390384173281166 0.6255707801488914 -0.5863121497283111 -0.5328119104759644 0.4788400611689249 -0.2456301034698152 0.8324969016535745
0.5134246841511438 0.7954170541058044 -0.3220354075904418 -0.1613682205756227 -0.4286408835058911 -0.1611879915444017 -0.2854669409757602 -0.9786166701606603 -0.8520748682491815 0.5435288110147626 -0.01820454412564355
0.3006208297064334 0.8874888374877433 -0.3492716422518003 -0.2411830800539914 -0.5653466607672401 -0.2942352686006305 -0.2684912369836558 -0.934509570622736 -0.9055085234318836 0.3770859602152145 0.1767646612700932
0.4174372846529881 0.7610467607019702 -0.4965419835286622 -0.2960783922550361 -0.4385410607255308 0.09963418610759586 -0.5949324075839212 -0.8141152920879511 -0.9104611554043726 0.2828409434924827 -0.3181174732787205
0.7010285443083856 0.7089964723370782 0.07670060155203853 0.1095087885587922 -0.3398230644788601 0.1559815459657981 -0.04502939109480563 -0.9930476206929085 -0.6920681309341009 0.6986243154370618 -0.1403844907333288
0.8475318562746196 0.5231970193033743 0.08918874139577275 0.1345348498030326 -0.2151358078092894 -0.05788267127898124 -0.08393650070175614 1.048531338562317 -0.5326925593219763 0.8456626564241919 0.03829002946679103
0.9121736731528118 0.4043424780345298 -0.06668096027955199 0.06084036084062414 -0.144528702335955 -0.09547328668308988 0.3920783726312796 0.942615140882658 -0.4005010973089691 0.8306312099759551 -0.3860639123657956
0.9329091125577651 0.3450224379018544 0.1031508848771749 0.1555135002385993 -0.1150083693736417 -0.05877558591856541 -0.1485390292487711 1.026448490276477 -0.3656281199232941 0.9480700077253369 0.1162604775213397
0.9806760391447492 0.1956387135701068 -6.814089756862758e-16 0.110935985418523 -0.03712977466491662 0.1017567584749989 -0.5295950209594154 0.8607445190423519 -0.1647991978205377 0.8241829918374557 0.5265820821145967
0.949525083061197 0.2302349040907678 -0.2130586904492324 -0.002881207586010578 -0.05515477015201176 0.1705734888411909 0.2292659903614633 0.9559766810057432 -0.2624810108639088 0.9213689786351811 -0.1741321445439162
0.8494995836792849 0.2743696567928323 -0.4506348286141508 -0.1391550942245126 -0.0835308168455992 0.4689181868343749 -0.7103136323005463 0.497918913675195 -0.1850719673458977 -0.6144140613051261 -0.7022088590282928
0.9350162426854147 -2.29005366343937e-16 -0.354604887042536 -0.06680768120843597 0.05601016758972099 0.3376261770133047 -0.296010705573896 0.8727691979881487 0.09050071494640573 0.9194686574926118 0.2768396916505594
0.992708874098054 -2.43135518943267e-16 -0.1205366802553236 0.05844012686962484 0.05804337106744567 0.1124124441509748 -0.4401386465563804 0.9082076001213332 0.04818884963341676 0.8845874123843529 0.4227272267136421
0.9518538623541191 -0.1973118028623743 -0.2346109059117784 0.003561117688716285 0.153869532863758 -0.2018919422347742 -1.011045601273067 0.005394936845882472 -0.2292271923805962 0.04061713126475564 -0.9663414661025673
0.8660406945386621 -0.2082620155915737 -0.4545332201992798 -0.1214076594707212 0.1593508892953747 -0.1788945419206541 -1.028067881875893 0.1115655483266698 -0.4596370217578177 -0.01521621560784119 -0.8772408550414742
0.8790972612096978 -0.3571309060190906 -0.3156667884013014 -0.04229306654175118 0.23695229453784 -0.4381859275654136 -0.9086422444740726 -0.1670614288990576 -0.2171249005413537 0.2689631414630247 -0.8933851313380035
0.7969557060203259 -0.5516207600625378 -0.2461222048285605 -0.009514212634073258 0.3513856338640007 0.5403879871127774 0.4413313151443816 0.7225394471499855 0.2766286287715942 0.7105004719901511 -0.640868671489497
0.9161603437936262 -0.3803769903906628 -0.1263470207060151 0.06398995672851536 0.2502958925986021 0.2486817808537743 0.2735915485993043 0.9629279887165214 0.3150994237963994 0.8782775684706398 -0.330916547911672
0.8459875089928904 -0.5310154294757893 -0.04824674379320697 0.1078097661721264 0.3395665811709558 -0.2138851150738227 -0.4338482111753823 0.9441582014860953 0.4973762545500504 0.7606491027336697 0.4621975737812974
0.7388624778341176 -0.6710222060034255 -0.06173684393556685 0.09621073844802917 0.4354068639798805 -0.2986701829028332 -0.4011952548313711 0.9102113341735076 0.618619705911471 0.6325474779710175 0.4817983372263785
0.9182989956545385 -0.3879020044442743 0.07911377584201099 0.1796905863636592 0.2589600176743169 -0.3228490926913626 -0.6046310717563275 0.7679415073920682 0.2359951785636771 0.7057284353260482 0.6548625965104565
0.9800847152525149 -0.1985654849896219 -0.002387278624868074 0.1283904532638075 0.1567433903424158 -0.08987074854033936 -0.4771445365274165 0.8877034067937235 0.1749747568239005 0.8544959270094077 0.4770097446829927
0.9537586594889329 -0.2031200904417189 0.2215550683437905 0.2534720852107349 0.1633152281186641 -0.3054514170016068 -0.668726826663132 0.6973365912701133 0.007674411072702507 -0.7211332457241847 -0.6881855810886609
0.9927088740980541 -2.431355189432671e-16 0.1205366802553223 0.1857088558859163 0.05910611843759 -0.09806937622188329 -0.5729874002991838 0.8121245176741043 -0.06806989405550133 0.8018188566762525 0.557496443334768
0.9489828208826828 0.2053280752750366 0.2393156642875576 0.2386160715918461 -0.04521934631388266 -0.3095624529634252 0.5706854610691476 0.7942260201324081 -0.02432305469736036 0.7976701620340771 -0.5826405292035779
0.8758431539104236 0.4091393843631842 0.2559369725365148 0.2353413567284286 -0.1562674093629075 -0.4008986326983038 0.2448023022658327 0.9238391702801096 -0.2953283640358058 0.8869741069435775 -0.3631909660933912
0.7774834882253583 0.4296413440087182 0.4592687024556664 0.3584781759234816 -0.1869405513431995 0.6184476591423046 -0.6009382606719215 -0.4794245324297224 0.07410862086573276 0.6487674718228658 -0.7176038557257337
0.7546092993258623 0.5989807363777455 0.2679307425796912 0.2310987876784304 -0.2764297116296795 0.2074913485888226 -0.6265417331002971 0.7870693081086646 -0.6179282428835075 0.5156804261563854 0.573405756935745
0 1 2
2 3 0
0 3 4
5 0 4
5 6 0
0 6 7
7 6 8
9 7 8
10 9 8
11 10 8
11 8 12
12 13 11
13 14 11
11 14 15
15 14 16
15 16 17
17 18 15
15 18 10
10 18 19
18 20 19
19 20 21
21 22 19
19 22 9
22 23 9
24 23 22
24 22 25
26 24 25
27 26 25
27 25 28
27 28 29
30 27 29
31 30 29
31 29 32
33 31 32
34 33 32
34 32 35
34 35 36
37 34 36
37 36 38
39 37 38
40 39 38
40 38 41
41 42 40
40 42 43
40 43 44
43 45 44
44 45 46
46 47 44
47 39 44
47 48 39
49 48 47
50 49 47
49 51 48
51 52 48
48 52 37
53 52 51
51 54 53
53 54 55
53 55 56
33 53 56
55 57 56
57 58 56
56 58 31
57 59 58
59 60 58
58 60 30
30 60 61
61 60 62
63 61 62
26 61 63
26 63 64
63 65 64
65 2 64
60 66 62
59 66 60
33 52 53
50 47 46
67 50 46
46 68 67
68 69 67
68 70 69
70 71 69
72 71 70
73 72 70
73 70 74
75 73 74
75 74 76
75 76 77
78 75 77
78 77 79
80 78 79
80 79 81
82 80 81
82 81 83
82 83 84
85 82 84
85 84 86
85 86 87
88 85 87
88 87 89
90 88 89
90 91 88
88 91 92
92 91 93
80 92 93
91 94 93
93 94 95
93 95 78
95 94 96
95 96 73
96 94 97
97 94 91
97 91 90
88 92 85
86 98 87
99 98 86
100 99 86
100 101 99
100 102 101
102 103 101
103 104 101
105 104 103
106 105 103
107 106 103
107 108 106
108 109 106
13 109 108
110 109 13
111 109 110
112 111 110
112 110 12
12 113 112
112 113 114
112 114 115
114 113 5
115 111 112
116 111 115
105 111 116
117 105 116
105 109 111
107 118 108
118 119 108
108 119 14
120 119 118
118 121 120
120 121 122
123 120 122
124 123 122
125 124 122
125 122 126
125 126 83
126 127 83
126 128 127
127 128 102
102 128 107
126 121 128
125 129 124
129 130 124
124 130 131
130 132 131
131 132 133
131 133 134
123 131 134
134 135 123
136 135 134
136 134 137
137 138 136
136 138 139
136 139 17
138 140 139
139 140 20
20 140 141
141 140 142
142 143 141
141 143 144
141 144 28
21 141 28
144 143 35
35 143 145
145 143 142
146 145 142
146 142 138
147 145 146
148 147 146
148 146 137
137 133 148
148 133 149
148 149 41
41 147 148
36 145 147
142 140 138
146 138 137
17 135 136
134 133 137
133 132 149
149 132 150
149 150 42
42 150 151
151 150 152
77 151 152
150 130 152
150 132 130
152 130 129
152 129 79
81 129 125
124 131 123
123 135 120
120 135 16
122 121 126
128 121 118
16 119 120
107 128 118
106 109 105
117 104 105
102 107 103
100 127 102
84 127 100
84 100 86
85 92 82
83 127 84
81 125 83
82 92 80
79 129 81
80 93 78
77 152 79
78 95 75
77 76 151
151 76 43
74 45 76
68 45 74
75 95 73
73 96 72
74 70 68
46 45 68
76 45 43
43 42 151
149 42 41
38 147 41
44 39 40
39 48 37
36 147 38
37 52 34
35 145 36
32 144 35
34 52 33
33 56 31
29 144 32
31 58 30
30 61 27
28 144 29
25 21 28
27 61 26
26 64 24
64 1 24
1 23 24
7 23 1
25 22 21
21 20 141
139 20 18
139 18 17
16 135 17
14 119 16
108 14 13
110 13 12
8 113 12
15 10 11
10 19 9
9 23 7
8 6 113
113 6 5
2 1 64
7 1 0
$EndParametrizations
